Date Published,Shortcode,Map Marker,Story Summary,Clusters,History,Location,Page + Discussion?,Address,Map Location,Longitude,Latitude,Year,timelineStart,timelineEnd,Story Type,Category 1,Category 2,Category 3,Category 4,Category 5,Notes,On the Map?,Permanent Link,Image
2/7/2022,TRUE,TRUE,FALSE,The 1904 Kohler “Armeda” Toilet,The 1904 Kohler “Armeda” Toilet,"Sheboygan, WI",Page + Discussion,,"43.738828, -87.778138",-87.780071,43.739362,1904,1904,1904,Object,Manufacturing & Trade,Home Furnishings,,,,,,https://wi101.wisc.edu/2022/02/07/object-history-t…er-armeda-toilet/,
10/5/2021,TRUE,,FALSE,Council Oak Tree,UW-Eu Claire History ,"Eau Claire, WI (university)",Page + Discussion,"105 Garfield Ave, Eau Claire, WI 54701","44.798990, -91.501350",-91.501405,44.799067,1916,1916,1916,Related,Education,,,,,,,https://wi101.wisc.edu/2021/10/05/uw-eau-claire-history/,
10/5/2021,TRUE,,TRUE,Council Oak Tree,UW-Eu Claire & The Council Oak Tree,"Eau Claire, WI (university)",Page + Discussion,"106 Garfield Ave, Eau Claire, WI 54701","44.798990, -91.501350",-91.501405,44.799067,"1800s, 1916, 1990",1800,1990,Related,Education,Nature & Environment,Ethnicity & Identity,,,,,https://wi101.wisc.edu/2021/10/05/uw-eau-claire-the-council-oak-tree/,
10/1/2021,TRUE,TRUE,TRUE,Council Oak Tree,Council Oak Tree Bench,"Eau Claire, WI (university)",Page + Discussion,"107 Garfield Ave, Eau Claire, WI 54701","44.798990, -91.501350",-91.501405,44.799067,"1987, 2003 or 2005",1987,2005,Object,Nature & Environment,Education,Art Sport & Entertainment,,,,,https://wi101.wisc.edu/2021/10/01/object-history-c…l-oak-tree-bench/,
9/29/2021,TRUE,,FALSE,Neenah Foundry Manhole Cover,Manhole Cover Designs and Contemporary Aesthetics,"Neenah, WI",Page + Discussion,,"44.178242, -88.477226",-88.477254,44.178372,1840s-1850s,1840,1859,Related,Manufacturing & Trade,Transportation & Tourism,Art Sport & Entertainment,,,,,https://wi101.wisc.edu/2021/09/29/manhole-cover-de…orary-aesthetics/,
9/29/2021,TRUE,,FALSE,Neenah Foundry Manhole Cover,From the Fox River Valley to the Windy City: The Roaring Twenties and the Neenah Foundry,"Neenah, WI",Page + Discussion,,"44.178242, -88.477226",-88.477254,44.178372,1920s,1920,1929,Related,Manufacturing & Trade,Transportation & Tourism,,,,,,https://wi101.wisc.edu/2021/09/29/from-the-fox-riv…e-neenah-foundry/,
9/29/2021,TRUE,,FALSE,Neenah Foundry Manhole Cover,An Iron Kinship: Abraham Darby and William Aylward,"Neenah, WI",Page + Discussion,,"44.178242, -88.477226",-88.477254,44.178372,1872,1872,1872,Related,Manufacturing & Trade,Science & Medicine,,,,,,https://wi101.wisc.edu/2021/09/29/an-iron-kinship-…lliam-aylward-sr/,
9/29/2021,TRUE,TRUE,FALSE,Neenah Foundry Manhole Cover,Neenah Foundry Manhole Cover,"Neenah, WI",Page + Discussion,,"44.178242, -88.477226",-88.477254,44.178372,1904,1904,1904,Object,Manufacturing & Trade,Transportation & Tourism,Science & Medicine,,,,,https://wi101.wisc.edu/2021/09/29/object-history-n…ry-manhole-cover/,
9/22/2021,TRUE,TRUE,TRUE,Sholes and Glidden Typewriter,Sholes and Glidden Typewriter,"Milwaukee, WI",Page + Discussion,,"43.043160, -87.915360",-87.915307,43.043178,1866,1866,1866,Object,Manufacturing & Trade,Education,Global Connections,,,,,https://wi101.wisc.edu/2021/09/22/object-history-s…idden-typewriter/,
9/22/2021,TRUE,,TRUE,Sholes and Glidden Typewriter,Christopher Latham Sholes,"Milwaukee, WI",Page + Discussion,,"43.043160, -87.915360",-87.915307,43.043178,1819-1890,1819,1890,Related,Manufacturing & Trade,Education,Global Connections,,,,,https://wi101.wisc.edu/2021/09/22/christopher-latham-sholes/,
9/22/2021,TRUE,,FALSE,Sholes and Glidden Typewriter,Origins of the Qwerty Keyboard,"Milwaukee, WI",Page,,,0,0,?,,,Related,,,,,,Archive,,https://wi101.wisc.edu/2021/09/22/qwerty-keyboard-and-morse-code/,
9/14/2021,TRUE,,FALSE,"Marathon Brewing Company ""Superfine"" Beer Bottle",The Marathon Brewery's Chain of Calamities,"Marathon, WI",Page + Discussion,,"44.930481, -89.840271",-89.840446,44.930662,1898,1898,1898,Related,Manufacturing & Trade,Food & Cooking,,,,,,https://wi101.wisc.edu/2021/09/14/the-marathon-bre…in-of-calamities/,
9/14/2021,TRUE,,FALSE,"Marathon Brewing Company ""Superfine"" Beer Bottle",Marathon City Brewing and the Wee Willy Basketball Team,"Marathon, WI",Page + Discussion,,"44.930481, -89.840271",-89.840446,44.930662,1936,1936,1936,Related,Manufacturing & Trade,Art Sport & Entertainment,Food & Cooking,,,,,https://wi101.wisc.edu/2021/09/14/marathon-city-br…-basketball-team/,
8/31/2021,TRUE,TRUE,FALSE,"Marathon Brewing Company ""Superfine"" Beer Bottle","Marathon Brewing Company ""Superfine"" Beer Bottle","Marathon, WI",Page + Discussion,,"44.930481, -89.840271",-89.840446,44.930662,1940s,1940,1949,Object,Manufacturing & Trade,Food & Cooking,,,,,,https://wi101.wisc.edu/2021/08/31/object-history-m…fine-beer-bottle/,
8/19/2021,TRUE,,FALSE,Frank Lloyd Wright Pew/Bench,Frank Lloyd Wright's Organic Architecture,All over the US,Page + Discussion,,,0,0,1950s,1950,1959,Related,Nature & Environment,Home Furnishings,Religion,,,,,https://wi101.wisc.edu/2021/08/19/frank-lloyd-wrig…nic-architecture/,
8/19/2021,TRUE,,FALSE,Frank Lloyd Wright Pew/Bench,Unitarianism and the Madison Meeting House,"Madison, WI",Page + Discussion,"900 University Bay Dr, Madison, WI 53705","43.082588, -89.428551",-89.427361,43.083059,1947,1947,1947,Related,Religion,Home Furnishings,,,,,,https://wi101.wisc.edu/2021/08/19/unitarianism-and…on-meeting-house/,
8/19/2021,TRUE,,FALSE,The Land of the Freed-up Woman,Marge Engelman and Equal Opportunity at UW-Green Bay,"Green Bay, WI",Page + Discussion,"2421 Nicolet Dr, Green Bay, WI 54311","44.532340, -87.930770",-87.929421,44.532646,1940s,1940,1949,Related,Education,Politics Society & Government,Art Sport & Entertainment,,,,,https://wi101.wisc.edu/2021/08/19/marge-engelman-a…-at-uw-green-bay/,
8/19/2021,TRUE,TRUE,FALSE,The Land of the Freed-up Woman,The Land of the Freed-up Woman,"Green Bay, WI",Page + Discussion,"210 Museum Pl, Green Bay, WI 54303","44.517860, -88.018410",-88.01863,44.51784,1972,1972,1972,Object,Art Sport & Entertainment,Politics Society & Government,Ethnicity & Identity,,,,,https://wi101.wisc.edu/2021/08/19/object-history-t…e-freed-up-woman/,
8/19/2021,TRUE,,FALSE,The Land of the Freed-up Woman,Wisconsin's Feminist Leaders and the National Organization for Women,"Madison, WI",Page + Discussion,,"43.084170, -89.377110",-89.377121,43.084181,1966,1966,1966,Related,Politics Society & Government,Ethnicity & Identity,,,,,,https://wi101.wisc.edu/2021/08/19/wisconsins-femin…zation-for-women/,
8/17/2021,TRUE,TRUE,FALSE,King Gambrinus Statues of LaCrosse,King Gambrinus Statues of LaCrosse,"La Crosse, WI",Page + Discussion,"925 3rd Street South La Crosse, WI 54601","43.804230, -91.252630",-91.25264,43.804236,1939,1939,1939,Object,Manufacturing & Trade,Art Sport & Entertainment,Global Connections,,,,,https://wi101.wisc.edu/2021/08/17/object-history-k…tues-of-lacrosse/,
8/17/2021,TRUE,,FALSE,King Gambrinus Statues of LaCrosse,The Heileman Family: A German Immigration Story,"La Crosse, WI",Page + Discussion,"926 3rd Street South La Crosse, WI 54601","43.804230, -91.252630",-91.25264,43.804236,1858-1996,1858,1996,Related,Ethnicity & Identity,Manufacturing & Trade,Global Connections,,,,,https://wi101.wisc.edu/2021/08/17/the-heileman-fam…mmigration-story/,
8/17/2021,TRUE,TRUE,FALSE,King Gambrinus Statues of LaCrosse,World's Largest Six-Pack,"La Crosse, WI",Page + Discussion,"925 3rd Street South La Crosse, WI 54601","43.804230, -91.252630",-91.25264,43.804236,1969,1969,1969,Object,Manufacturing & Trade,Food & Cooking,,,,,,https://wi101.wisc.edu/2021/08/17/object-history-w…largest-six-pack/,
8/16/2021,TRUE,TRUE,FALSE,Frank Lloyd Wright Pew/Bench,Frank Lloyd Wright Pew/Bench,"Madison, WI",Page + Discussion,"900 University Bay Dr, Madison, WI 53705","43.082588, -89.428551",-89.427361,43.083059,1947,1947,1947,Object,Religion,Home Furnishings,,,,,,https://wi101.wisc.edu/2021/08/16/object-history-f…oyd-wright-bench/,
6/7/2021,TRUE,,FALSE,Hearthstone House Chandelier,The Hearthstone House and Electricity to Wisconsin,"Appleton, WI",Page + Discussion,"625 W Prospect Ave, Appleton, WI 54911","44.254260, -88.414860",-88.414874,44.254284,1882,1882,1882,Related,Science & Medicine,Home Furnishings,,,,,,https://wi101.wisc.edu/2021/06/07/the-hearthstone-house/,
6/7/2021,TRUE,TRUE,FALSE,Hearthstone House Chandelier,Hearthstone House Chandelier,"Appleton, WI",Page + Discussion,"625 W Prospect Ave, Appleton, WI 54911","44.254260, -88.414860",-88.414874,44.254284,1882,1882,1882,Object,Science & Medicine,Home Furnishings,,,,,,https://wi101.wisc.edu/2021/06/07/object-history-h…house-chandelier/,
1/9/2019,TRUE,TRUE,TRUE,A Hmong Baby Sash,Hmong Baby Carrier,"Oshkosh, WI",Page + Discussion,,"44.020802, -88.540009",-88.539961,44.020639,1987,1987,1987,Object,Clothing & Fashion,Ethnicity & Identity,Global Connections,Politics Society & Government,Art Sport & Entertainment,,,https://wi101.wisc.edu/2019/01/09/object-history-hmong-baby-carrier/,
5/10/2019,TRUE,TRUE,TRUE,Polka Rhythms Bandstand,Polka Rhythms Bandstand,"Pulaski, WI",Page + Discussion,,"44.672359, -88.242302",-88.242477,44.672555,1980-2003,1980,2003,Object,Art Sport & Entertainment,,,,,Adaptation of Curator's Favorite Article,,https://wi101.wisc.edu/2019/05/10/object-history-p…hythms-bandstand/,
5/3/2021,TRUE,,FALSE,Two-sided Spork,The Fish Boil Tradition,"Door County, WI",Page + Discussion,,"45.128220, -87.250110",-87.250136,45.128336,late 1800s,1870,1899,Related,Food & Cooking,Art Sport & Entertainment,,,,,,https://wi101.wisc.edu/2021/05/03/the-fish-boil-tradition/,
5/3/2021,TRUE,TRUE,TRUE,Two-sided Spork,Two-sided Spork,"Fish Creek, WI",Page + Discussion,"4225 Main St, Fish Creek, WI 54212","45.128220, -87.250110",-87.250136,45.128336,1960s,1960,1969,Object,Food & Cooking,Art Sport & Entertainment,,,,,,https://wi101.wisc.edu/2021/05/03/object-history-two-sided-spork/,
2/6/2021,TRUE,,FALSE,Ojibwe Presentation Pipe,Kechewaishke,"Madeline Island, WI",Page + Discussion,,"46.815113, -90.696043",-90.698459,46.810539,1840-1855,1840,1855,Related,Ethnicity & Identity,Politics Society & Government,Nature & Environment,,,,,https://wi101.wisc.edu/2021/02/16/kechewaishke/,
12/29/2020,TRUE,TRUE,FALSE,Paramount Records 78,Paramount Records Power Wheel,"Grafton, WI",Page + Discussion,,"43.321571, -87.951797",-87.95182,43.321358,1848,1848,1848,Object,Manufacturing & Trade,Nature & Environment,Art Sport & Entertainment,,,,,https://wi101.wisc.edu/2020/12/29/object-history-power-wheel/,
12/18/2020,TRUE,TRUE,FALSE,N/A,Aztalan Copper Maskettes,"Aztalan, WI",Page + Discussion,,"43.0725326928801, -88.8618713272197",-88.86216,43.072486,9th-14th cen,800,1399,Object,Art Sport & Entertainment,Ethnicity & Identity,Clothing & Fashion,,,,,https://wi101.wisc.edu/2020/12/18/object-history-a…copper-maskettes/,
12/18/2020,TRUE,,FALSE,Ojibwe Presentation Pipe,James Duane Doty,"Madison, WI/Doty Island, WI",Page + Discussion,,"43.073051, -89.401230; 44.191875, -88.447709",0,0,1823-1853,1823,1853,Related,Politics Society & Government,,,,,,,https://wi101.wisc.edu/2020/12/18/james-duane-doty/,
11/17/2020,TRUE,TRUE,FALSE,Ojibwe Presentation Pipe,Ojibwe Presentation Pipe,"Madeline Island, WI",Page + Discussion,,"46.815113, -90.696043",-90.698459,46.810539,1842,1842,1842,Object,Art Sport & Entertainment,Ethnicity & Identity,Politics Society & Government,Religion,,,,https://wi101.wisc.edu/2020/11/17/ojibwe-presentation-pipe/,
11/10/2020,TRUE,,TRUE,The 1904 Kohler “Armeda” Toilet,The Bathroom as a Household Space,(no single location),Page + Discussion,,,0,0,1870s,1870,1879,Related,Home Furnishings,Global Connections,Science & Medicine,Manufacturing & Trade,,,,https://wi101.wisc.edu/2020/11/10/the-bathroom-as-a-household-space/,
11/10/2020,TRUE,,FALSE,The 1904 Kohler “Armeda” Toilet,The Early History of the Kohler Company,"Sheboygan, WI",Page + Discussion,,"43.738828, -87.778138",-87.780071,43.739362,1873,1873,1873,Related,Manufacturing & Trade,Science & Medicine,Home Furnishings,,,,,https://wi101.wisc.edu/2020/11/10/the-kohler-company/,
10/6/2020,TRUE,,TRUE,N/A,Beaver Felt Hat,All over WI,Page + Discussion,,,0,0,1600s,1600,1699,Wisc Hist Museum Mini Tour,Manufacturing & Trade,Clothing & Fashion,Global Connections,Nature & Environment,,,No,https://wi101.wisc.edu/2020/10/06/object-history-beaver-felt-hat/,
7/20/2018,TRUE,,TRUE,20-sided die,A Brief History of Dungeons and Dragons,"Lake Geneva, WI",Page + Discussion,,"42.594010, -88.435550",-88.435553,42.594021,late 1960s,1967,1969,Related,Art Sport & Entertainment,,,,,,,https://wi101.wisc.edu/2018/07/20/dungeons-and-dragons/,
10/6/2020,TRUE,TRUE,FALSE,N/A,Slovak Catholic Altar,"Ino, WI",Page + Discussion,,"46.568370, -91.190830",-91.184348,46.545437,1910,1910,1910,Wisc Hist Museum Mini Tour,Religion,Global Connections,Ethnicity & Identity,Art Sport & Entertainment,,,,https://wi101.wisc.edu/2020/10/06/object-history-s…k-catholic-alter/,
10/6/2020,TRUE,TRUE,FALSE,N/A,Jar of Marbles ,"Madison, WI",Page + Discussion,"1450 Linden Dr, Madison, WI 53706","43.075180, -89.412460",-89.411465,43.074398,1920s,1920,1929,Wisc Hist Museum Mini Tour,Education,Manufacturing & Trade,,,,,,https://wi101.wisc.edu/2020/10/06/object-history-jar-of-marbles/,
9/24/2020,TRUE,,FALSE,A Dam Tower in the Kickapoo Valley Reserve,Wisconsin's Ancient History in the Kickapoo Valley,"La Farge, WI",Page + Discussion,"S3661 WI-131, La Farge, WI 54638","43.595815, -90.627968",-90.627468,43.595705,"Between 10,000 BCE and 1,150 CE/Prehistoric",-10000,-1150,Related,Nature & Environment,Politics Society & Government,Ethnicity & Identity,Education,,,,https://wi101.wisc.edu/2020/09/24/ancient-history-in-wisconsin-2/,
9/24/2020,TRUE,,FALSE,Sterling Safety Bicycle ,Wisconsin Bicycle Tourism,All over WI,Page + Discussion,,,0,0,1890s,1890,1899,Related,Transportation & Tourism,Nature & Environment,,,,,No,https://wi101.wisc.edu/2020/09/24/reed-2/,
9/10/2020,TRUE,TRUE,TRUE,Bark Spud,Bark Spud,"Medford, WI",Page + Discussion,,"45.148430, -90.364719",-90.365092,45.148712,1883,1883,1883,Object,Manufacturing & Trade,Global Connections,Nature & Environment,Clothing & Fashion,,,,https://wi101.wisc.edu/2020/09/10/object-history-bark-spud/,
9/10/2020,TRUE,TRUE,TRUE,Mepps Fishing Lure,Mepps Fishing Lure,"Antigo, WI",Page + Discussion,,"45.142581, -89.139686",-89.138759,45.141891,1930s,1930,1939,Object,Manufacturing & Trade,Global Connections,Nature & Environment,Art Sport & Entertainment,,,,https://wi101.wisc.edu/2020/09/10/object-history-mepps-fishing-lure/,
9/10/2020,TRUE,TRUE,FALSE,Migrant Worker's Cabin,Piano and Song Recital Poster,"Milwaukee, WI",Page + Discussion,"813 E Kilbourn Ave, Milwaukee, WI 53202","43.042420, -87.901530",-87.901538,43.042492,1889,1889,1889,Object,Art Sport & Entertainment,Ethnicity & Identity,,,,,,https://wi101.wisc.edu/2020/09/10/object-history-p…g-recital-poster/,
9/10/2020,TRUE,TRUE,FALSE,Migrant Worker's Cabin,Migrant Worker's Cabin,"Oconto, WI",Page + Discussion,Van Hecke Ave.,"44.899374, -87.895777",-87.895371,44.898794,1920s-2004,1920,2004,Object,Home Furnishings,Manufacturing & Trade,Nature & Environment,,,,,https://wi101.wisc.edu/2020/09/10/object-history-m…nt-workers-cabin/,
5/9/18,TRUE,TRUE,TRUE,Jolly Good Soda,Jolly Good Soda,"Random Lake, WI",,,"43.555803, -87.964250",-87.964359,43.55581,1960s-2007,1960,2007,Object,Manufacturing & Trade,Food & Cooking,,,,,,https://wi101.wisc.edu/2018/05/09/object-history-jolly-good-soda/,
9/10/2020,TRUE,,TRUE,N/A,Log-Marking Hammer,(No single location),Page + Discussion,,,0,0,1840s-1890s,1840,1890,Wisc Hist Museum Mini Tour,Manufacturing & Trade,Nature & Environment,,,,,,https://wi101.wisc.edu/2020/09/10/object-history-log-marking-hammer/,
9/10/2020,TRUE,,TRUE,N/A,Fiddle,(no single location),Page + Discussion,,,0,0,1840s,1840,1849,Wisc Hist Museum Mini Tour,Art Sport & Entertainment,Manufacturing & Trade,,,,,,https://wi101.wisc.edu/2020/09/10/object-history-fiddle/,
9/10/2020,TRUE,TRUE,TRUE,N/A,Plank Roads,"Greenbush, WI",Page + Discussion,,"43.774127, -88.076814",-88.076778,43.77394,1850s,1850,1859,Wade House Mini Tour,Transportation & Tourism,Nature & Environment,,,,,,https://wi101.wisc.edu/2020/09/10/object-history-plank-roads/,
12/1/2013,TRUE,,TRUE,Babcock Butterfat Tester,How Does a Babcock Tester Work?,(No single location),Page + Discussion,,,0,0,1890s,1890,1899,Related,Science & Medicine,Food & Cooking,,,,,,https://wi101.wisc.edu/2013/12/01/how-does-a-babcock-tester-work/,
9/10/2020,TRUE,TRUE,TRUE,"Old Abe, the Live War Eagle","Old Abe, the Live War Eagle","Madison, WI",Page + Discussion,"2 E Main St, Madison, WI 53703","43.074699, -89.384171",-89.384172,43.074706,1904,1904,1904,Object,Politics Society & Government,,,,,,,https://wi101.wisc.edu/2020/09/10/object-history-o…e-live-war-eagle/,
9/10/2020,TRUE,TRUE,FALSE,Paramount Records 78,Paramount Records 78,"Port Washington, WI",Page + Discussion,,"43.387421, -87.875893",-87.876131,43.387508,1910s,1910,1919,Object,Art Sport & Entertainment,Manufacturing & Trade,,,,,,https://wi101.wisc.edu/2020/09/10/object-history-p…mount-records-78/,
9/10/2020,TRUE,TRUE,FALSE,Pauline Pottery Covered Jar,Pauline Pottery Covered Jar,"Edgerton, WI",Page + Discussion,,"42.833462, -89.069458",-89.069212,42.833559,1882-1892,1882,1892,Object,Art Sport & Entertainment,Manufacturing & Trade,Home Furnishings,,,,,https://wi101.wisc.edu/2020/09/10/object-history-p…tery-covered-jar/,
9/10/2020,TRUE,TRUE,FALSE,Penguin Server,Penguin Server,"West Bend, WI",Page + Discussion,,"43.431767, -88.186217",-88.185958,43.432539,1941,1941,1941,Object,Food & Cooking,Manufacturing & Trade,,,,,,https://wi101.wisc.edu/2020/09/10/object-history-penguin-server/,
3/9/2019,TRUE,TRUE,TRUE,Employers Mutual Audiometer,Employers Mutual Audiometer,"Wausau, WI",Page + Discussion,,"44.961920, -89.626048",-89.625919,44.961858,1960s,1960,1969,Object,Science & Medicine,,,,,,,https://wi101.wisc.edu/2019/03/09/object-history-e…utual-audiometer/,
9/10/2020,TRUE,TRUE,FALSE,Potawatomi Beaded 'Soldier Coat',Potawatomi Beaded 'Soldier Coat',"Door County, WI",Page + Discussion,,"45.128141, -87.235128",-87.23661,45.12798,1902,1902,1902,Object,Clothing & Fashion,Politics Society & Government,Ethnicity & Identity,,,Adaptation of Curator's Favorite Article,,https://wi101.wisc.edu/2020/09/10/object-history-p…ded-soldier-coat/,
9/10/2020,TRUE,TRUE,FALSE,Racine Belles Movie Costume,Racine Belles Movie Costume,"Racine, WI",Page + Discussion,,"42.730624, -87.801848",-87.801396,42.730621,1992,1992,1992,Object,Art Sport & Entertainment,Clothing & Fashion,Ethnicity & Identity,,,Adaptation of Curator's Favorite Article,,https://wi101.wisc.edu/2020/09/10/object-history-r…es-movie-costume/,
9/10/2020,TRUE,TRUE,FALSE,Synagogue Window,Synagogue Window,"Sheboygan, WI",Page + Discussion,"Carl Ave & N 13th St, Sheboygan, WI","43.766951, -87.721986",-87.721817,43.766863,1910,1910,1910,Object,Religion,Global Connections,Ethnicity & Identity,Art Sport & Entertainment,Home Furnishings,Adaptation of Curator's Favorite Article,,https://wi101.wisc.edu/2020/09/10/object-history-synagogue-window/,
5/24/2018,TRUE,,TRUE,Employers Mutual Audiometer,Preventing Hearing Loss,(No single location),Page + Discussion,,,0,0,1953-present,1953,2022,Related,Politics Society & Government,Manufacturing & Trade,Science & Medicine,,,,,https://wi101.wisc.edu/2018/05/24/hearing-loss/,
9/9/2020,TRUE,TRUE,TRUE,20-sided die,20-sided die,"Lake Geneva, WI",Page + Discussion,,"42.594010, -88.435550",-88.435553,42.594021,1974,1974,1974,Object,Art Sport & Entertainment,,,,,,,https://wi101.wisc.edu/2020/09/09/object-history-a-twenty-sided-die/,
9/9/2020,TRUE,TRUE,TRUE,A Dam Tower in the Kickapoo Valley Reserve,A Dam Tower in the Kickapoo Valley Reserve,"La Farge, WI",Page + Discussion,"S3661 WI-131, La Farge, WI 54639","43.595815, -90.627968",-90.627468,43.595705,early 1970s,1970,1973,Object,Nature & Environment,Politics Society & Government,Transportation & Tourism,,,,,https://wi101.wisc.edu/2020/09/09/object-history-a…o-valley-reserve/,
9/9/2020,TRUE,TRUE,TRUE,A Duck Decoy,A Duck Decoy,"Lake Koshkonong, WI",Page + Discussion,,"42.853517, -88.939825",-88.942144,42.854175,late 1800s,1870,1899,Object,Nature & Environment,Manufacturing & Trade,Art Sport & Entertainment,,,,,https://wi101.wisc.edu/2020/09/09/object-history-a-duck-decoy/,
9/9/2020,TRUE,TRUE,TRUE,A Hmong Baby Sash,A Hmong Baby Sash,"La Crosse, WI",Page + Discussion,,"43.889258, -91.226244",-91.226316,43.889218,1979,1979,1979,Object,Clothing & Fashion,Global Connections,Ethnicity & Identity,Politics Society & Government,Art Sport & Entertainment,,,https://wi101.wisc.edu/2020/09/09/object-history-a-hmong-baby-sash/,
9/9/2020,TRUE,TRUE,TRUE,A Hudson's Bay Company Point Blanket Coat,A Hudson's Bay Company Point Blanket Coat,"Wausau, WI",Page + Discussion,,"44.962444, -89.628726",-89.629072,44.962303,early 1920s,1920,1923,Object,Manufacturing & Trade,Clothing & Fashion,,,,,,https://wi101.wisc.edu/2020/09/09/object-history-a…int-blanket-coat/,
9/9/2020,TRUE,TRUE,TRUE,Babcock Butterfat Tester,Babcock Butterfat Tester,UW-Madison,Page + Discussion,"1450 Linden Dr, Madison, WI 53703","43.075180, -89.412460",-89.411465,43.074398,1890,1890,1890,Object,Science & Medicine,Manufacturing & Trade,Food & Cooking,,,,,https://wi101.wisc.edu/2020/09/09/object-history-b…butterfat-tester/,
9/9/2020,TRUE,TRUE,TRUE,Babcock Butterfat Tester,Babcock Ice Cream Carton,UW-Madison,Page + Discussion,"1605 Linden Dr, Madison, WI 53706","43.075180, -89.412460",-89.411465,43.074398,1951,1951,1951,Wisc Hist Museum Mini Tour,Food & Cooking,Manufacturing & Trade,Transportation & Tourism,,,,,https://wi101.wisc.edu/2020/09/09/object-history-b…ice-cream-carton/,
9/9/2020,TRUE,TRUE,TRUE,Cassel Soda Bottle,Cassel Soda Bottle,"Whitefish Bay, WI",Page + Discussion,,"
43.114290, -87.895720",-87.896154,43.114047,1900-1917,1900,1917,Object,Food & Cooking,Manufacturing & Trade,,,,,,https://wi101.wisc.edu/2020/09/09/object-history-cassel-soda-bottle/,
9/9/2020,TRUE,TRUE,TRUE,CCC Pillow Sham,CCC Pillow Sham,"Langlade County, WI",Page + Discussion,,"45.359350, -88.910520",-88.91078,45.359383,1933,1933,1933,Object,Home Furnishings,Art Sport & Entertainment,Politics Society & Government,,,,,https://wi101.wisc.edu/2020/09/09/object-history-ccc-pillow-sham/,
9/9/2020,TRUE,TRUE,TRUE,Cherryland T-Shirt,Cherryland T-Shirt,"Ephraim, WI",Page + Discussion,,"45.156509, -87.171997",-87.171803,45.156419,1927-1958,1927,1958,Object,Manufacturing & Trade,Transportation & Tourism,Food & Cooking,,,,,https://wi101.wisc.edu/2020/09/09/5301/,
9/9/2020,TRUE,TRUE,TRUE,Clair Mathews' Feed Grinder,Clair Mathews' Feed Grinder,"Beloit, WI",Page + Discussion,,"42.508085, -88.988344",-88.988767,42.507378,late 1920s,1927,1929,Object,Manufacturing & Trade,Food & Cooking,Science & Medicine,,,,,https://wi101.wisc.edu/2020/09/09/object-history-c…ews-feed-grinder/,
9/9/2020,TRUE,TRUE,TRUE,Horlick's Malted Milk ,Horlick's Malted Milk ,"Racine, WI",Page + Discussion,,"42.739500, -87.805270",-87.805235,42.739434,1873,1873,1873,Object,Food & Cooking,Manufacturing & Trade,Global Connections,Science & Medicine,,,,https://wi101.wisc.edu/2020/09/09/object-history-h…icks-malted-milk/,
9/9/2020,TRUE,TRUE,TRUE,Lifesaving Medal,Lifesaving Medal,"Milwaukee, WI",Page + Discussion,,"43.026698, -87.897025",-87.897747,43.027566,1875,1875,1875,Object,Nature & Environment,Transportation & Tourism,Manufacturing & Trade,,,,,https://wi101.wisc.edu/2020/09/09/object-history-lifesaving-medal/,
9/9/2020,TRUE,TRUE,TRUE,Madison-Style Ice Boat,Madison-Style Ice Boat,"Madison, WI",Page + Discussion,,"43.082530, -89.382130",-89.381555,43.082498,1916-17,1916,1917,Object,Nature & Environment,Transportation & Tourism,Global Connections,Art Sport & Entertainment,,Adaptation of Curator's Favorite Article,,https://wi101.wisc.edu/2020/09/09/object-history-m…e-ice-boat-model/,
6/9/2017,TRUE,,TRUE,N/A,Cradleboard,(No single location),,,,0,0,1350CE-present,-1350,2022,Wisc Hist Museum Mini Tour,Home Furnishings,Ethnicity & Identity,,,,,,https://wi101.wisc.edu/2017/06/09/object-history-cradleboard/,
9/9/2020,TRUE,TRUE,TRUE,N/A,A Ballot Box,"Greenbush, WI",Page + Discussion,"W7965 WI-23, Greenbush, WI 53026","43.782566, -88.091633",-88.092008,43.783159,1800-1850s,1800,1859,Wade House Mini Tour,Politics Society & Government,,,,,,,https://wi101.wisc.edu/2020/09/09/object-history-a-ballot-box/,
2/1/2016,TRUE,,TRUE,Vulcan Bowling Pin,The Vulcan Corporation,"Cradon, WI; Antigo, WI",,,"45.571980, -88.903410; 45.155180, -89.156450",0,0,1909-21st century,1909,2010,Related,Manufacturing & Trade,Clothing & Fashion,Art Sport & Entertainment,Nature & Environment,,,,https://wi101.wisc.edu/2016/02/01/the-vulcan-corporation/,
9/8/2020,TRUE,TRUE,TRUE,Earlene Fuller's Bowling Shirt,Earlene Fuller's Bowling Shirt,"Milwaukee, WI",Page + Discussion,,"43.059460, -87.885480",-87.885482,43.059462,mid-1990s,1994,1996,Object,Art Sport & Entertainment,Global Connections,Ethnicity & Identity,Clothing & Fashion,,,,https://wi101.wisc.edu/2020/09/08/5225/,
9/8/2020,TRUE,TRUE,TRUE,Happy Days Bowling Shirt Costume,Happy Days Bowling Shirt Costume,"Milwaukee, WI",Page + Discussion,,"42.985839,-87.898556",-87.898556,42.985814,1974-1984,1974,1984,Object,Art Sport & Entertainment,Clothing & Fashion,,,,,,https://wi101.wisc.edu/2020/09/08/happy-days-bowling-shirt-costume/,
9/8/2020,TRUE,,TRUE,Lapham Peak Observation Tower,The Works Projects Administration - An Answer to the Great Depression,(No single location),Page + Discussion,,,0,0,1935-1943,1935,1943,Related,Politics Society & Government,Manufacturing & Trade,Nature & Environment,,,,,https://wi101.wisc.edu/2020/09/08/the-works-projec…great-depression/,
6/9/2019,TRUE,TRUE,TRUE,Door County Bookmobile ,Door County Bookmobile ,"Door County, WI",Page + Discussion,,"45.179630, -87.150009",-87.149274,45.179495,1950,1950,1950,Object,Education,Politics Society & Government,Transportation & Tourism,,,,,https://wi101.wisc.edu/2019/06/09/object-history-d…ounty-bookmobile/,
9/8/2020,TRUE,,TRUE,Potawatomi Beaded 'Soldier Coat',Missionaries and Land Rights: The Story of Erik Morstad and the Potawatomi,"Forest County, WI",Page + Discussion,,"46.109610, -89.304850",-89.304952,46.112476,1894-1913,1894,1913,Related,Politics Society & Government,Nature & Environment,Ethnicity & Identity,Religion,,,,https://wi101.wisc.edu/2020/09/08/missionaries-and…d-the-potawatomi/,
9/8/2020,TRUE,TRUE,TRUE,Vulcan Bowling Pin,Vulcan Bowling Pin,"Antigo, WI",Page + Discussion,,"45.155180, -89.156450",-89.15653,45.155156,1953,1953,1953,Object,Manufacturing & Trade,Art Sport & Entertainment,Global Connections,,,,,https://wi101.wisc.edu/2020/09/08/vulcan-bowling-pin/,
7/7/2020,TRUE,,TRUE,Synagogue Window,The Arpin Settlement of Jewish Farmers ,"Arpin, WI",Page + Discussion,,"44.535370, -90.024422",-90.023771,44.535445,1904,1904,1904,Related,Ethnicity & Identity,Religion,,,,,,https://wi101.wisc.edu/2020/07/07/the-arpin-settle…f-jewish-farmers/,
7/7/2020,TRUE,,TRUE,Synagogue Window,The Growth of Sheboygan's Jewish Community,"Sheboygan, Wi ",Page + Discussion,,"43.766951, -87.721986",-87.721817,43.766863,1880-1942,1880,1942,Related,Manufacturing & Trade,Ethnicity & Identity,Religion,,,,,https://wi101.wisc.edu/2020/07/07/sheboygans-jewish-community/,
6/29/2020,TRUE,,TRUE,Esterly Broadcast Seeder,Industry and Manufacturing in the Whitewater Area,"Whitewater, WI",Page + Discussion,,"42.834869, -88.747040",-88.746761,42.83468,1830s-present,1830,2022,Related,Manufacturing & Trade,Ethnicity & Identity,Education,Food & Cooking,,,,https://wi101.wisc.edu/2020/06/29/industry-and-man…-whitewater-area/,
6/24/2020,TRUE,,FALSE,Racine Belles Movie Costume,"""Ringing the Community Belles"" - Racine's Professional Baseball Team","Racine, WI",Page + Discussion,,"42.730624, -87.801848",-87.801396,42.730621,1943-54,1943,1954,Related,Art Sport & Entertainment,Ethnicity & Identity,,,,,,https://wi101.wisc.edu/2020/06/24/ringing-the-community-belles/,
5/27/2020,TRUE,,TRUE,Earlene Fuller's Bowling Shirt,Earlene Fuller and the African American Bowling Scene in Milwaukee,"Milwaukee, WI",Page + Discussion,,"43.059460, -87.885480",-87.885482,43.059462,1970-1990s,1970,1999,Related,Art Sport & Entertainment,Clothing & Fashion,Ethnicity & Identity,,,,,https://wi101.wisc.edu/2020/05/27/earlene-fuller-a…ene-in-milwaukee/,
5/18/2020,TRUE,,TRUE,Polka Rhythms Bandstand,Pulaski - A Polka Town,"Pulaski, WI",Page + Discussion,,"44.672359, -88.242302",-88.242477,44.672555,1978,1978,1978,Related,Art Sport & Entertainment,Ethnicity & Identity,,,,Adaptation of Curator's Favorite Article,,https://wi101.wisc.edu/2020/05/18/pulaski-a-polka-town/,
5/17/2020,TRUE,,TRUE,Polka Rhythms Bandstand,Polka's Popularity in the United States,(No single location),Page + Discussion,,,0,0,1840s-1950s,1840,1959,Related,Art Sport & Entertainment,Ethnicity & Identity,Global Connections,,,Adaptation of Curator's Favorite Article,,https://wi101.wisc.edu/2020/05/17/polkas-popularit…he-united-states/,
5/11/2020,TRUE,,TRUE,X-Ray Shoe Fitting Machine,The Rise and Fall of Shoe Filling Fluoroscopes,(No single location),,,,0,0,1919-1960,1919,1960,Related,Science & Medicine,Clothing & Fashion,Manufacturing & Trade,,,Adaptation of Curator's Favorite Article,,https://wi101.wisc.edu/2020/05/11/the-rise-and-fal…ting-fluroscopes/,
5/4/2020,TRUE,,TRUE,Happy Days Bowling Shirt Costume,Happy Days and 1950s Sentimentality,"Milwaukee, WI",Page + Discussion,,"42.985839,-87.898556",-87.898477,42.985814,1973-1984,1973,1984,Related,Art Sport & Entertainment,,,,,Adaptation of Curator's Favorite Article,,https://wi101.wisc.edu/2020/05/04/happy-days/,
4/25/2020,TRUE,,TRUE,Racine Belles Movie Costume,Gender Norms and The All-American Girls' Professional Baseball League,(No single location),Page + Discussion,,,0,0,1942-1953,1942,1953,Related,Art Sport & Entertainment,Ethnicity & Identity,Clothing & Fashion,,,Adaptation of Curator's Favorite Article,,https://wi101.wisc.edu/2020/04/25/gender-norms-and-the-aagpbl/,
4/20/2020,TRUE,,TRUE,Pauline Pottery Covered Jar,Women in the American Art Pottery Movement,(No single location),Page + Discussion,,,0,0,late 1800s,1870,1899,Related,Art Sport & Entertainment,Manufacturing & Trade,Home Furnishings,Ethnicity & Identity,,Adaptation of Curator's Favorite Article,,https://wi101.wisc.edu/2020/04/20/women-in-the-ame…pottery-movement/,
4/20/2020,TRUE,,TRUE,Pauline Pottery Covered Jar,The Pauline Pottery,"Edgerton, WI",Page + Discussion,,"42.833462, -89.069458",-89.069212,42.833559,1888-1909,1888,1909,Related,Art Sport & Entertainment,Manufacturing & Trade,Home Furnishings,,,Adaptation of Curator's Favorite Article,,https://wi101.wisc.edu/2020/04/20/the-pauline-pottery/,
4/13/2020,TRUE,,TRUE,Victor Berger Campaign Banner,Wisconsin's 1918 Special Election for Senator and the Trial of Victor Berger,"Milwaukee, WI",Page + Discussion,,"43.040241, -87.982394",-87.982544,43.040162,1918-1929,1918,1929,Related,Politics Society & Government,Global Connections,Ethnicity & Identity,,,Adaptation of Curator's Favorite Article,,https://wi101.wisc.edu/2020/04/13/wisconsins-1918-…of-victor-berger/,
4/13/2020,TRUE,,TRUE,Victor Berger Campaign Banner,Victor Berger and the Sewer Socialists,"Milwaukee, WI",Page + Discussion,,"43.040241, -87.982394",-87.982544,43.040162,1892-1960,1892,1960,Related,Politics Society & Government,Manufacturing & Trade,,,,Adaptation of Curator's Favorite Article,,https://wi101.wisc.edu/2020/04/13/victor-berger-an…sewer-socialists/,
4/6/2020,TRUE,,TRUE,Potawatomi Beaded 'Soldier Coat',Cheif Kahquados,"Door County, WI",Page + Discussion,,"45.128141, -87.235128",-87.23661,45.12798,1902-1930,1902,1930,Related,Ethnicity & Identity,Politics Society & Government,,,,Adaptation of Curator's Favorite Article,,https://wi101.wisc.edu/2020/04/06/chief-kahquados/,
3/27/2020,TRUE,,TRUE,Madison-Style Ice Boat,Ice Boating in Madison: A Bernard Family Tradition,"Madison, WI",Page + Discussion,"614 E Gorham St, Madison, WI 53703","43.081718, -89.382629",-89.382632,43.081724,1853,1853,1853,Related,Art Sport & Entertainment,Global Connections,Ethnicity & Identity,Transportation & Tourism,,Adaptation of Curator's Favorite Article,,https://wi101.wisc.edu/2020/03/27/ice-boating-in-madison/,
3/20/2020,TRUE,,TRUE,Synagogue Window,Jewish Immigration from Russia to Sheboygan,"Sheboygan, WI",Page + Discussion,"bounded by 13th and 15th Streets, Geele Avenue on the north, and Bluff Avenue on the south","43.768411, -87.723591",-87.723685,43.768306,1880-1920s,1880,1929,Related,Ethnicity & Identity,Religion,Global Connections,,,Adaptation of Curator's Favorite Article,,https://wi101.wisc.edu/2020/03/20/jewish-immigrati…sia-to-sheboygan/,
2/10/2020,TRUE,,TRUE,N/A,Silsby's Steam Powered Pumper ,(No single location),Page + Discussion,,,0,0,1880s-1930s,1880,1939,Wade House Mini Tour,Science & Medicine,,,,,,,https://wi101.wisc.edu/2020/02/10/object-history-s…m-powered-pumper/,
2/1/2016,TRUE,,TRUE,Vulcan Bowling Pin,Milwaukee: The Bowling Capital of America ,"Milwaukee, WI",Page + Discussion,,"45.155180, -89.156450",-89.15653,45.155156,mid-19th cen - late 20th cen.,1840,1999,Related,Art Sport & Entertainment,Manufacturing & Trade,Global Connections,,,,,https://wi101.wisc.edu/2016/02/01/milwaukee-the-bo…pital-of-america/,
2/1/2016,TRUE,,TRUE,Vulcan Bowling Pin,Bowling in Japan,"Antigo, WI; Japan",,,"45.155180, -89.156450; 35.699255, 139.508254",0,0,1960s-70s,1960,1979,Related,Art Sport & Entertainment,Manufacturing & Trade,Global Connections,,,,,https://wi101.wisc.edu/2016/02/01/bowling-in-japan/,
9/1/2017,TRUE,,TRUE,Migrant Worker's Cabin,Migrant Workers and the Bond Pickle Company,"Oconto, WI",,,"44.899374, -87.895777",-87.895371,44.898794,1917-1970s,1917,1979,Related,Manufacturing & Trade,Ethnicity & Identity,Food & Cooking,Nature & Environment,,,,https://wi101.wisc.edu/2017/09/01/migrant-workers-…d-pickle-company/,
9/10/2019,TRUE,TRUE,TRUE,X-Ray Shoe Fitting Machine,X-Ray Shoe Fitting Machine,"Sturgeon Bay, WI",Page + Discussion,,"44.834209, -87.376266",-87.37623,44.834427,1940s,1940,1949,Object,Science & Medicine,Clothing & Fashion,,,,,,https://wi101.wisc.edu/2019/09/10/object-history-x…-fitting-machine/,
9/23/2019,TRUE,,TRUE,Clair Matthews' Feed Grinder,From Cow Feed to Korn Kurl,"Beloit, WI",Page + Discussion,,"42.508085, -88.988344",-88.988767,42.507378,mid-1930s - 1951,1935,1951,Related,Manufacturing & Trade,Food & Cooking,,,,,,https://wi101.wisc.edu/2019/09/23/from-cow-feed-to-korn-kurl/,
9/23/2019,TRUE,,TRUE,Clair Matthews' Feed Grinder,The Flakall Corporation,"Beloit, WI",Page + Discussion,,"42.508085, -88.988344",-88.988767,42.507378,1933,1933,1933,Related,Manufacturing & Trade,Science & Medicine,,,,,,https://wi101.wisc.edu/2019/09/23/the-flakall-corporation/,
12/1/2013,TRUE,,TRUE,Babcock Butterfat Tester,The Babcock Tester and the Wisconsin Idea ,"School of Ag, UW-Madison",Page + Discussion,"1450 Linden Dr, Madison, WI 53706","43.075180, -89.412460",-89.411465,43.074398,1890s,1890,1899,Related,Food & Cooking,Education,Manufacturing & Trade,,,,,https://wi101.wisc.edu/2013/12/01/the-babcock-test…e-wisconsin-idea/,
8/1/2014,TRUE,,TRUE,Penguin Server,Outdoor Grilling,(No single location),Page + Discussion,,,0,0,1950s-60s,1950,1969,Related,Food & Cooking,Art Sport & Entertainment,,,,,,https://wi101.wisc.edu/2014/08/01/outdoor-grilling/,
7/1/2017,TRUE,,TRUE,Cherryland T-Shirt,Migrant Labor and Door County Cherries,"Door County, WI",Page + Discussion,,"45.156509, -87.171997",-87.171803,45.156419,1920s-60s,1920,1969,Related,Manufacturing & Trade,Food & Cooking,Transportation & Tourism,Politics Society & Government,Nature & Environment,,,https://wi101.wisc.edu/2017/07/01/migrant-labor-an…-county-cherries/,
10/1/2014,TRUE,,TRUE,Cassel Soda Bottle,Whitefish Bay Urbanization,"Whitefish Bay, WI",Page + Discussion,,"
43.114290, -87.895720",-87.896154,43.114047,1870s-1960s,1870,1969,Related,Manufacturing & Trade,Nature & Environment,Politics Society & Government,,,,,https://wi101.wisc.edu/2014/10/01/whitefish-bay-urbanization/,
9/1/2017,TRUE,,TRUE,Migrant Worker's Cabin,Wisconsin Migrant Housing Laws,(No single location),,,,0,0,1949-1961,1949,1961,Related,Politics Society & Government,Manufacturing & Trade,Ethnicity & Identity,Home Furnishings,,,,https://wi101.wisc.edu/2017/09/01/wisconsins-migrant-housing-laws/,
8/24/2018,TRUE,,TRUE,Paramount Records 78,The Record Production Process,"Grafton, WI",Page + Discussion,,"43.321571, -87.951797",-87.95182,43.321358,1920s,1920,1929,Related,Manufacturing & Trade,Art Sport & Entertainment,,,,,,https://wi101.wisc.edu/2018/08/24/the-record-production-process/,
8/24/2018,TRUE,,TRUE,Paramount Records 78,Recruiting Talent,"Port Washington, WI",Page + Discussion,,"43.387421, -87.875893",-87.876131,43.387508,1920s,1920,1929,Related,Art Sport & Entertainment,,,,,,,https://wi101.wisc.edu/2018/08/24/recruiting-talent/,
6/15/2018,TRUE,,TRUE,A Hudson's Bay Company Point Blanket Coat,The Wasau Winter Frolic: Wasau's History as a Sports Capital,"Wausau, WI",Page + Discussion,,"44.962444, -89.628726",-89.629072,44.962303,1920s,1920,1929,Related,Art Sport & Entertainment,Transportation & Tourism,,,,,,https://wi101.wisc.edu/2018/06/15/winter-frolic/,
9/10/2018,TRUE,TRUE,TRUE,Victor Berger Campaign Banner,Victor Berger Campaign Banner,"Milwaukee, WI",Page + Discussion,,"43.040241, -87.982394",-87.982544,43.040162,1918,1918,1918,Object,Politics Society & Government,Art Sport & Entertainment,,,,,,https://wi101.wisc.edu/2018/09/10/object-history-v…-campaign-banner/,
8/1/2014,TRUE,,TRUE,Penguin Server,Cocktail Parties,(No single location),Page + Discussion,,,0,0,1950s,1950,1959,Related,Food & Cooking,Art Sport & Entertainment,,,,,,https://wi101.wisc.edu/2014/08/01/cocktail-parties/,
8/24/2018,TRUE,,TRUE,Paramount Records 78,Paramount Records,"Port Washington, WI",Page + Discussion,,"43.387421, -87.875893",-87.876131,43.387508,1917-1935,1917,1935,Related,Manufacturing & Trade,Art Sport & Entertainment,,,,,,https://wi101.wisc.edu/2018/08/24/paramount-records/,
9/10/2018,TRUE,,TRUE,N/A,Vacuum,(No single location),Page + Discussion,,,0,0,1911,1911,1911,Wisc Hist Museum Mini Tour,Manufacturing & Trade,Home Furnishings,Science & Medicine,,,,,https://wi101.wisc.edu/2018/09/10/object-history-vacuum/,
5/24/2018,TRUE,,TRUE,Employers Mutual Audiometer,The 1911 Workman's Compensation Act and the Birth of an Industry,"Wausau, WI",,,"44.961920, -89.626048",-89.625919,44.961858,1911,1911,1911,Related,Politics Society & Government,Manufacturing & Trade,,,,,,https://wi101.wisc.edu/2018/05/24/workmans-compensation/,
7/1/2017,TRUE,,TRUE,Cherryland T-Shirt,The Cherry Industry in Door County,"Door County, WI",Page + Discussion,,"45.156509, -87.171997",-87.171803,45.156419,1891-1950s,1891,1959,Related,Manufacturing & Trade,Transportation & Tourism,Food & Cooking,Nature & Environment,,,,https://wi101.wisc.edu/2017/07/01/the-cherry-industry-in-door-county/,
5/24/2018,TRUE,,TRUE,Employers Mutual Audiometer,Promoting Workplace Safety,(No single location),Page + Discussion,,,0,0,1910s-1970s,1910,1970,Related,Manufacturing & Trade,Education,,,,,,https://wi101.wisc.edu/2018/05/24/workplace-safety/,
11/1/2017,TRUE,,TRUE,Door County Bookmobile ,Creating the Door County Bookmobile,"Door County, WI",Page + Discussion,,"44.833542, -87.374413",-87.374432,44.833606,1950,1950,1950,Related,Education,Politics Society & Government,Transportation & Tourism,,,,,https://wi101.wisc.edu/2017/11/01/creating-the-doo…ounty-bookmobile/,
4/9/2018,TRUE,TRUE,TRUE,La Crosse Normal School Fireplace,La Crosse Normal School Fireplace,"La Crosse, WI (university)",,"1725 State St, La Crosse, WI 54601","43.818439, -91.229187",-91.228722,43.818107,1909,1909,1909,Object,Home Furnishings,Education,Art Sport & Entertainment,,,,,https://wi101.wisc.edu/2018/04/09/object-history-l…school-fireplace/,
12/1/2013,TRUE,,TRUE,Babcock Butterfat Tester,The Men Behind the Butterfat Test,"School of Ag, UW-Madison",Page + Discussion,"1450 Linden Dr, Madison, WI 53706","43.075180, -89.412460",-89.411465,43.074398,1884,1884,1884,Related,Science & Medicine,Manufacturing & Trade,Food & Cooking,Education,,,,https://wi101.wisc.edu/2013/12/01/the-men-behind-the-butterfat-test/,
2/9/2018,TRUE,TRUE,TRUE,Lapham Peak Observation Tower,Lapham Peak Observation Tower,"Delafield, WI",,"W329 N846, County C, Delafield, WI 53018","43.032513, -88.392395",-88.393029,43.033262,1904,1904,1904,Object,Science & Medicine,Nature & Environment,Politics Society & Government,,,,,https://wi101.wisc.edu/2018/02/09/object-history-l…bservation-tower/,
2/10/2020,TRUE,TRUE,TRUE,Settlement Cook Book,Settlement Cook Book,"Milwaukee, WI",Page + Discussion,"507 S 5th St
Milwaukee, WI 53204","43.025820, -87.916900",-87.917057,43.025832,1901,1901,1901,Object,Food & Cooking,Ethnicity & Identity,,,,,,https://wi101.wisc.edu/2020/02/10/object-history-s…lement-cook-book/,
5/9/2018,TRUE,,TRUE,Yerkes Telescope,Astronomy in the 1900s,"Williams Bay, WI",Page + Discussion,,,0,0,1900s,1900,1999,Related,Science & Medicine,Education,,,,,,https://wi101.wisc.edu/2018/05/09/astronomy-in-the-1900s/,
8/1/2014,TRUE,,TRUE,Penguin Server,The Aluminum Indistry and Wartime Demands ,"West Bend, WI",,,"43.431767, -88.186217",-88.185958,43.432539,1941-1945,1941,1945,Related,Manufacturing & Trade,Politics Society & Government,Global Connections,,,,,https://wi101.wisc.edu/2014/08/01/the-aluminum-ind…-wartime-demands/,
6/15/2018,TRUE,,TRUE,A Hudson's Bay Company Point Blanket Coat,The Wausau Group: The Businessmen Who Revived Wasau's Economy,"Wausau, WI",Page + Discussion,,"44.962444, -89.628726",-89.629072,44.962303,early 1900s,1900,1930,Related,Manufacturing & Trade,Nature & Environment,Transportation & Tourism,,,,,https://wi101.wisc.edu/2018/06/15/wausau/,
12/1/2013,TRUE,,TRUE,Babcock Butterfat Tester,Becoming the Dairy State,(No single location),Page + Discussion,,,0,0,1870s,1870,1879,Related,Manufacturing & Trade,Food & Cooking,,,,,,https://wi101.wisc.edu/2013/12/01/becoming-the-dairy-state/,
5/21/2018,TRUE,,TRUE,The SS Meteor,Great Lakes Shipping and the SS Meteor,(No single location),,,,0,0,1896-1969,1896,1969,Related,Transportation & Tourism,Manufacturing & Trade,Nature & Environment,,,,,https://wi101.wisc.edu/2018/05/21/great-lakes-shipping/,
9/10/2018,TRUE,TRUE,TRUE,The SS Meteor,The SS Meteor,"Superior, WI",Page + Discussion,,"46.720776, -92.104080",-92.104081,46.720886,1896,1896,1896,Object,Transportation & Tourism,Manufacturing & Trade,,,,,,https://wi101.wisc.edu/2018/09/10/object-history-the-ss-meteor/,
9/10/2019,TRUE,TRUE,TRUE,Yerkes Telescope,Yerkes Telescope,"Williams Bay, WI",Page + Discussion,"373 W Geneva St, Williams Bay, WI 53191","42.574720, -88.555930",-88.556016,42.574998,1895,1895,1895,Object,Science & Medicine,Education,,,,,,https://wi101.wisc.edu/2019/09/10/object-history-yerkes-telescope/,
6/19/2018,TRUE,,FALSE,A Hudson's Bay Company Point Blanket Coat,Emelie Manthei's Point Blanket Coat,"Wausau, WI",Page + Discussion,,"44.962444, -89.628726",-89.629072,44.962303,1930s,1930,1939,Related,Clothing & Fashion,Art Sport & Entertainment,,,,,,https://wi101.wisc.edu/2018/06/19/emelies-coat/,
5/9/2018,TRUE,,TRUE,Yerkes Telescope,Yerkes Telescope Construction and Use,"Williams Bay, WI",Page + Discussion,,"42.574720, -88.555930",-88.556016,42.574998,1894-present,1894,2022,Related,Science & Medicine,Education,,,,,,https://wi101.wisc.edu/2018/05/09/yerkes-telescope-construction/,
10/1/2014,TRUE,,TRUE,Cassel Soda Bottle,Milwaukee Resort Towns,"Milwaukee, WI",Page + Discussion,,"
43.114290, -87.895720",-87.896154,43.114047,1880s,1880,1889,Related,Manufacturing & Trade,Transportation & Tourism,Food & Cooking,,,,,https://wi101.wisc.edu/2014/10/01/milwaukee-resort-towns/,
10/1/2014,TRUE,,TRUE,Cassel Soda Bottle,History of Soda Bottles,(No single location),Page + Discussion,,,0,0,1806,1806,1806,Related,Manufacturing & Trade,Food & Cooking,,,,,,https://wi101.wisc.edu/2014/10/01/history-of-soda-bottles/,
10/1/2015,TRUE,,TRUE,CCC Pillow Sham,The Great Depression in Langlade County,"Langlade County, WI",Page + Discussion,,"45.359350, -88.910520",-88.91078,45.359383,1930s,1930,1939,Related,Manufacturing & Trade,Politics Society & Government,Nature & Environment,,,,,https://wi101.wisc.edu/2015/10/01/the-great-depres…-langlade-county/,
1/1/2017,TRUE,,TRUE,Fromm Fox Fur Coat,The Fromm Fur Farm,"Hamburg, WI",Page + Discussion,,"45.090574, -89.885330",-89.886175,45.090996,1909-1970s,1909,1979,Related,Manufacturing & Trade,Clothing & Fashion,Nature & Environment,,,,,https://wi101.wisc.edu/2017/01/01/the-fromm-fur-farm/,
9/10/2019,TRUE,TRUE,TRUE,Wilson Place Door,Wilson Place Door,"Menomonie, WI",Page + Discussion,"712 Broadway St S, Menomonie, WI 54751","44.888611, -91.929459",-91.929601,44.888562,1890-1910,1890,1910,Object,Art Sport & Entertainment,Home Furnishings,,,,,,https://wi101.wisc.edu/2019/09/10/object-history-wilson-place-door/,
11/30/2018,TRUE,,TRUE,Sterling Safety Bicycle ,The 1890s Bicycle Craze in Wisconsin,(No single location),Page + Discussion,,,0,0,1890s,1890,1899,Related,Transportation & Tourism,,,,,,,https://wi101.wisc.edu/2018/11/30/bicycle-craze-in-wisconsin/,
11/1/2018,TRUE,,TRUE,Sterling Safety Bicycle ,Wisconsin Road Conditions ,(No single location),Page + Discussion,,,0,0,1890s,1890,1899,Related,Transportation & Tourism,Manufacturing & Trade,Politics Society & Government,,,,,https://wi101.wisc.edu/2018/11/01/wisconsin-road-conditions/,
5/24/2018,TRUE,,FALSE,Mepps Fishing Lure,Mepps Lures: The Antigo Connection,"Antigo, WI; France",Page + Discussion,,"45.142581, -89.139686; 48.432024, -4.701980",0,0,late 1940s,1947,1949,Related,Manufacturing & Trade,Global Connections,Nature & Environment,Art Sport & Entertainment,,,,https://wi101.wisc.edu/2018/05/24/the-antigo-connection/,
5/24/2018,TRUE,,FALSE,Mepps Fishing Lure,Building a Tourism Industry in Northern Wisconsin,"Langlade County, WI",Page + Discussion,,"45.499251, -89.168042",-89.167545,45.499126,1920s,1920,1929,Related,Manufacturing & Trade,Transportation & Tourism,,,,,,https://wi101.wisc.edu/2018/05/24/tourism-northern-wisconsin/,
5/24/2018,TRUE,,FALSE,Mepps Fishing Lure,Squirrel Tails Wanted? The Improved Mepps Lure,"Wolf River, WI",Page + Discussion,,"45.192360, -88.742145",-88.741514,45.193382,1960s,1960,1969,Related,Manufacturing & Trade,Nature & Environment,Transportation & Tourism,Art Sport & Entertainment,,,,https://wi101.wisc.edu/2018/05/24/squirrel-tails/,
5/24/2018,TRUE,,FALSE,Mepps Fishing Lure,The Wolf River,"Wolf River, WI",Page + Discussion,,"45.192360, -88.742145",-88.741514,45.193382,,,,Related,Nature & Environment,Transportation & Tourism,Politics Society & Government,Manufacturing & Trade,,,,https://wi101.wisc.edu/2018/05/24/wolf-river/,
5/24/2018,TRUE,,FALSE,"Old Abe, the Live War Eagle",Old Abe's Visual Legacy,(No single location),,,,0,0,1881-present ,1881,2022,Related,Politics Society & Government,,,,,,,https://wi101.wisc.edu/2018/05/24/old-abes-legacy/,
10/1/2014,TRUE,,TRUE,Cassel Soda Bottle,Soda's Role in Prohibition,(No single location),,,,0,0,1920-1933,1920,1933,Related,Manufacturing & Trade,Politics Society & Government,Food & Cooking,,,,,https://wi101.wisc.edu/2014/10/01/sodas-role-in-prohibition/,
1/1/2017,TRUE,,TRUE,Fromm Fox Fur Coat,The Fromm Brand and the Hamburg Fur Auction,"Hamburg, WI",Page + Discussion,,"45.090574, -89.885330",-89.886175,45.090996,1928-1940s,1928,1949,Related,Manufacturing & Trade,Clothing & Fashion,Global Connections,,,,,https://wi101.wisc.edu/2017/01/01/the-fromm-brand-…burg-fur-auction/,
12/9/2017,TRUE,TRUE,TRUE,Fromm Fox Fur Coat,Fromm Fox Fur Coat,"Hamburg, WI",Page + Discussion,,"45.090574, -89.885330",-89.886175,45.090996,1900-1930s,1900,1939,Object,Manufacturing & Trade,Clothing & Fashion,,,,Image in object list doesn't show the fur coat itself,,https://wi101.wisc.edu/2017/12/09/object-history-fromm-fox-fur-coat/,
1/1/2017,TRUE,,TRUE,Fromm Fox Fur Coat,Fashion and Fur,(No single location),Page + Discussion,,,0,0,late 19th cen - 1930s,1870,1939,Related,Manufacturing & Trade,Clothing & Fashion,Global Connections,Nature & Environment,,,,https://wi101.wisc.edu/2017/01/01/fashion-and-fur/,
7/16/2018,TRUE,,TRUE,Paramount Records 78,The Wisconsin Chair Company,"Port Washington, WI",Page + Discussion,,"43.387421, -87.875893",-87.876131,43.387508,1888,1888,1888,Related,Manufacturing & Trade,Home Furnishings,Art Sport & Entertainment,,,,,https://wi101.wisc.edu/2018/07/16/wisconsin-chair-company/,
5/21/2018,TRUE,,TRUE,The SS Meteor,The American Steel Barge Company,"Superior, WI",,,"46.720776, -92.104080",-92.104081,46.720886,1888,1888,1888,Related,Transportation & Tourism,Manufacturing & Trade,Food & Cooking,,,,,https://wi101.wisc.edu/2018/05/21/american-steel-barge-company/,
1/1/2017,TRUE,,TRUE,Fromm Fox Fur Coat,Canine Distemper and the Fromm Vaccine,"Hamburg, WI",Page + Discussion,,"45.090574, -89.885330",-89.886175,45.090996,1924,1924,1924,Related,Science & Medicine,Nature & Environment,Manufacturing & Trade,,,,,https://wi101.wisc.edu/2017/01/01/canine-distemper…he-fromm-vaccine/,
8/1/2014,TRUE,,TRUE,Penguin Server,The West Bend Aluminum Company,"West Bend, WI",,,"43.431767, -88.186217",-88.185958,43.432539,1911,1911,1911,Related,Manufacturing & Trade,Food & Cooking,Science & Medicine,,,,,https://wi101.wisc.edu/2014/08/01/the-west-bend-aluminum-company/,
2/10/2020,TRUE,TRUE,TRUE,N/A,Slate,"Waukesha County, WI",Page + Discussion,"W372 S9727 WI-67, Eagle, WI 53119","42.872667, -88.491004",-88.484264,42.870478,1882,1882,1882,Old World Wisconsin Mini Tour,Education,Home Furnishings,,,,,,https://wi101.wisc.edu/2020/02/10/object-history-slate/,
10/1/2016,TRUE,,TRUE,Horlick's Malted Milk ,The Father of Malted Milk,"Racine, WI; England",Page + Discussion,,"42.739500, -87.805270; 51.516800, -0.599920",0,0,1875-1936,1875,1936,Related,Global Connections,Manufacturing & Trade,Food & Cooking,,,,,https://wi101.wisc.edu/2016/10/01/the-father-of-malted-milk/,
10/1/2016,TRUE,,TRUE,Horlick's Malted Milk ,Horlick's Malted Milk Company,"Racine, WI; England",,,"42.739500, -87.805270",-87.805235,42.739434,1875,1875,1875,Related,Food & Cooking,Manufacturing & Trade,Global Connections,,,,,https://wi101.wisc.edu/2016/10/01/horlicks-malted-milk-company/,
8/3/2018,TRUE,,TRUE,Horlick's Malted Milk ,Malted Milk and Infant Nutrition,(No single location),Page + Discussion,,,0,0,1880s,1880,1889,Related,Food & Cooking,Manufacturing & Trade,Science & Medicine,Global Connections,,,,https://wi101.wisc.edu/2018/08/03/infant-nutrition/,
10/6/2020,FALSE,,TRUE,N/A,Norwegian Trunk,All over WI,Page + Discussion,,,0,0,1800s,1800,1899,Wisc Hist Museum Mini Tour,Ethnicity & Identity,Home Furnishings,Global Connections,Transportation & Tourism,,,No,https://wi101.wisc.edu/2020/10/06/object-history-norwegian-trunk/,
12/9/2017,TRUE,,TRUE,N/A,Graphophone,(No single location),,,,0,0,1886,1886,1886,Object,Art Sport & Entertainment,Science & Medicine,,,,,,https://wi101.wisc.edu/2017/12/09/object-history-graphophone/,
5/2/2019,TRUE,,TRUE,The Hefty-Blum White Barn,The Evolution of a Swiss Barn,"New Glarus, WI",Page + Discussion,"W6303 Hefty Rd, Monticello, WI 53570.","42.764905, -89.674578",-89.672851,42.764519,1878-1978,1878,1878,Related,Manufacturing & Trade,Science & Medicine,Food & Cooking,,,,,https://wi101.wisc.edu/2019/05/02/evolution-of-a-swiss-barn/,
5/1/2017,TRUE,,TRUE,Settlement Cook Book,"Elizabeth ""Lizzie"" Black Kander","Milwaukee, WI",Page + Discussion,,"43.025820, -87.916900",-87.917057,43.025832,1894-1940,1894,1940,Related,Ethnicity & Identity,Religion,Food & Cooking,Global Connections,,,,https://wi101.wisc.edu/2017/05/01/elizabeth-lizzie-black-kander/,
5/1/2017,TRUE,,TRUE,Settlement Cook Book,The Settlement House Movement,(No single location),,,,0,0,1880s-1920s,1880,1929,Related,Home Furnishings,Ethnicity & Identity,Global Connections,Religion,Food & Cooking,,,https://wi101.wisc.edu/2017/05/01/the-settlement-house-movement/,
5/21/2018,TRUE,,TRUE,Lifesaving Medal,The Wreck of Tanner,"Milwaukee Harbour, WI",Page + Discussion,,"43.026698, -87.897025",-87.897747,43.027566,1875,1875,1875,Related,Nature & Environment,Transportation & Tourism,Manufacturing & Trade,,,,,https://wi101.wisc.edu/2018/05/21/tanner-wreck/,
5/21/2018,TRUE,,TRUE,Lifesaving Medal,The Rescuers of Tanner,"Milwaukee Harbour, WI",Page + Discussion,,"43.026698, -87.897025",-87.897747,43.027566,1875,1875,1875,Related,Manufacturing & Trade,Transportation & Tourism,,,,,,https://wi101.wisc.edu/2018/05/21/tanner-rescuers/,
12/9/2017,TRUE,,TRUE,N/A,Galena,(No single location),Page + Discussion,,,0,0,1820s-40s,1820,1849,Wisc Hist Museum Mini Tour,Manufacturing & Trade,Nature & Environment,Science & Medicine,Ethnicity & Identity,,,,https://wi101.wisc.edu/2017/12/09/object-history-galena/,
5/1/2017,TRUE,,TRUE,Settlement Cook Book,The Settlement  ,"Milwaukee, WI",Page + Discussion,"507 S 5th St, Milwaukee, WI 53204","43.025820, -87.916900",-87.917057,43.025832,1900,1900,1900,Related,Home Furnishings,Food & Cooking,Education,,,,,https://wi101.wisc.edu/2017/05/01/the-settlement/,
5/1/2017,TRUE,,TRUE,Settlement Cook Book,Roots of Milwaukee's Settlement House,"Milwaukee, WI",Page + Discussion,,"43.025820, -87.916900",-87.917057,43.025832,1890s,1890,1899,Related,Ethnicity & Identity,Home Furnishings,Food & Cooking,Global Connections,,,,https://wi101.wisc.edu/2017/05/01/roots-of-the-settlement-house/,
9/10/2017,TRUE,,TRUE,Soo Line Engine #1003,Soo Line Engine #1003,(No single location),,,,0,0,1913-1959,,,Object,,,,,,Archive,,https://wi101.wisc.edu/2017/09/10/object-history-s…line-engine-1003/,
6/9/2018,TRUE,TRUE,TRUE,Cupping Kit,Cupping Kit,"Appleton, WI",Page + Discussion,,"44.258827, -88.411687",-88.412257,44.258697,late 1800s,1870,1899,Object,Science & Medicine,,,,,,,https://wi101.wisc.edu/2018/06/09/object-history-cupping-kit/,
5/3/2018,TRUE,,TRUE,Cupping Kit,The Decline of Humoral Theory,(No single location),,,,0,0,late 19th cen.,1870,1899,Related,Science & Medicine,,,,,,,https://wi101.wisc.edu/2018/05/03/decline-of-humoral-theory/,
5/9/2019,TRUE,TRUE,TRUE,Esterly Broadcast Seeder,Esterly Broadcast Seeder,"Whitewater, WI",Page + Discussion,,"42.834869, -88.747040",-88.746761,42.83468,1870s,1870,1879,Object,Manufacturing & Trade,Nature & Environment,Science & Medicine,,,,,https://wi101.wisc.edu/2019/05/09/object-history-e…broadcast-seeder/,
9/10/2017,TRUE,TRUE,TRUE,Sterling Safety Bicycle ,Sterling Safety Bicycle ,"Kenosha, WI ",,,"42.584743, -87.821182",-87.821637,42.584886,1890s,1890,1899,Object,Transportation & Tourism,Manufacturing & Trade,Art Sport & Entertainment,,,,,https://wi101.wisc.edu/2017/09/10/object-history-s…g-safety-bicycle/,
1/9/2018,TRUE,TRUE,TRUE,James D. Williams' Windlass,James D. Williams' Windlass,"North of Platteville, West of Mineral Point",,,"42.822077, -90.414891",-90.418602,42.827697,late1860s-1903,1867,1903,Object,Manufacturing & Trade,Nature & Environment,,,,,,https://wi101.wisc.edu/2018/01/09/object-history-j…illiams-windlass/,
9/10/2017,TRUE,,TRUE,Sterling Safety Bicycle ,The Crab Tree Special,"Ellenboro, WI",,,"42.783940, -90.614080",-90.613719,42.784123,1893,1893,1893,Object,Transportation & Tourism,Manufacturing & Trade,Art Sport & Entertainment,,,,,https://wi101.wisc.edu/2017/09/10/object-history-t…rab-tree-special/,
8/7/2019,FALSE,,FALSE,TBD,Norwegian Communities in Wisconsin,(No single location),,,,0,0,1800s-present,1800,2022,Related,Religion,Ethnicity & Identity,Global Connections,,,,,https://wi101.wisc.edu/2019/08/07/norwegian-communities-in-wisconsin/,
7/1/2017,TRUE,,FALSE,Cherryland T-Shirt,Cherryland Tourism,"Door County, WI",Page + Discussion,,"45.156509, -87.171997",-87.171803,45.156419,1920s-60s,1920,1969,Related,Transportation & Tourism,Manufacturing & Trade,Food & Cooking,,,,,https://wi101.wisc.edu/2017/07/01/cherryland-tourism/,
8/7/2019,FALSE,,FALSE,TBD,Norwegian Women Immigrants,(No single location),,,,0,0,1800s,1800,1899,Related,Ethnicity & Identity,Religion,Global Connections,Clothing & Fashion,Food & Cooking,,,https://wi101.wisc.edu/2019/08/07/norwegian-women-immigrants/,
5/3/2018,TRUE,,TRUE,Cupping Kit,Dr. James T. Reeve,"Appleton, WI",,,"44.258827, -88.411687",-88.412257,44.258697,1854-1906,1854,1906,Related,Science & Medicine,Politics Society & Government,Education,,,,,https://wi101.wisc.edu/2018/05/03/james_reeve/,
8/7/2019,FALSE,,FALSE,TBD,The Emigranten and Other Norwegian-Language Papers,(No single location),,,,0,0,1852-1893,1852,1893,Related,Ethnicity & Identity,Religion,Global Connections,,,,,https://wi101.wisc.edu/2019/08/07/norwegian-language-papers/,
5/21/2018,TRUE,,TRUE,Lifesaving Medal,Early Lifesaving Stations in Wisconsin,"Milwaukee, Sheboygan, Two Rivers, Manitowoc, Port Washington, Racine, Kenosha, and Door County. ",,,"43.026698, -87.897025; 43.754440, -87.700354; 44.145923, -87.565137; 44.088803, -87.650442; 43.387708, -87.866903; 42.734122, -87.771227; 45.244348, -87.112948",0,0,1850s,1850,1859,Related,Nature & Environment,Manufacturing & Trade,Politics Society & Government,Transportation & Tourism,,,,https://wi101.wisc.edu/2018/05/21/lifesaving-stations/,
9/10/2020,FALSE,,FALSE,TBD,Norwegian Geneological Plaque,(No single location),Page + Discussion,,,0,0,1879,1879,1879,Object,Global Connections,Ethnicity & Identity,Art Sport & Entertainment,,,,,https://wi101.wisc.edu/2020/09/10/object-history-n…ealogical-plaque/,
9/10/2017,TRUE,TRUE,TRUE,The Hefty-Blum White Barn,The Hefty-Blum White Barn,"New Glarus, WI",Page + Discussion,"W6303 Hefty Rd, Monticello, WI 53570.","42.764905, -89.674578",-89.672851,42.764519,1878,1878,1878,Object,Manufacturing & Trade,Food & Cooking,Nature & Environment,,,,,https://wi101.wisc.edu/2017/09/10/object-history-t…-blum-white-barn/,
3/9/2019,TRUE,,TRUE,N/A,Lefse Stone,(No single location),Page + Discussion,,,0,0,1840s,1840,1849,Old World Wisconsin Mini Tour,Food & Cooking,Ethnicity & Identity,Global Connections,,,,,https://wi101.wisc.edu/2019/03/09/object-history-lefse-stone/,
9/8/2020,TRUE,,TRUE,Lapham Peak Observation Tower,Increase Lapham and the Founding of the United States Weather Bureau,"Delafield, WI",Page + Discussion,,"43.032513, -88.392395",-88.393029,43.033262,1836-1875,1836,1875,Related,Science & Medicine,Nature & Environment,Politics Society & Government,,,,,https://wi101.wisc.edu/2020/09/08/increase-lapham-…s-weather-bureau/,
5/9/2018,TRUE,,TRUE,Yerkes Telescope,"Williams Bay, WI","Williams Bay, WI",Page + Discussion,,"42.574720, -88.555930",-88.556016,42.574998,1835-present,1835,2022,Related,Science & Medicine,Education,,,,,,https://wi101.wisc.edu/2018/05/09/williams-bay/,
9/10/2020,TRUE,,TRUE,N/A,Pasty,(no single location),Page + Discussion,,,0,0,1830s,1830,1839,Wisc Hist Museum Mini Tour,Food & Cooking,Manufacturing & Trade,Global Connections,,,,,https://wi101.wisc.edu/2020/09/10/object-history-pasty/,
9/10/2017,TRUE,TRUE,TRUE,The Muley Sawmill,The Muley Sawmill,"Greenbush, WI",Page + Discussion,,"43.775829, -88.083961",-88.083911,43.775738,1840s-1910s,1840,1919,Object,Manufacturing & Trade,Nature & Environment,Science & Medicine,,,,,https://wi101.wisc.edu/2017/09/10/object-history-the-muley-sawmill/,
11/9/2017,TRUE,TRUE,TRUE,Draft Drum,Draft Drum,"Ozaukee County, WI",Page + Discussion,,"43.443694, -87.913413",-87.910815,43.44863,1862-1864,1862,1864,Object,Politics Society & Government,,,,,,,https://wi101.wisc.edu/2017/11/09/object-history-draft-drum/,
6/7/2017,TRUE,,TRUE,Draft Drum,Kemp Trial,"Ozaukee County, WI",Page + Discussion,,"43.443694, -87.913413",-87.910815,43.44863,1863,1863,1863,Related,Politics Society & Government,,,,,,,https://wi101.wisc.edu/2017/06/07/kemp-trial/,
6/1/2017,TRUE,,TRUE,Draft Drum,Ozaukee County Draft Riot,"Ozaukee County, WI",Page + Discussion,,"43.443694, -87.913413",-87.910815,43.44863,1862,1862,1862,Related,Politics Society & Government,,,,,,,https://wi101.wisc.edu/2017/06/01/ozaukee-county-draft-riot/,
6/7/2018,TRUE,,TRUE,A Hudson's Bay Company Point Blanket Coat,What is a Point Blanket?,(No single location),Page + Discussion,,,0,0,1800s,1800,1899,Related,Manufacturing & Trade,Ethnicity & Identity,Clothing & Fashion,Global Connections,,,,https://wi101.wisc.edu/2018/06/07/point-blanket-coat/,
10/1/2018,TRUE,,TRUE,The Hefty-Blum White Barn,"The Swiss Roots of America's ""Dairyland""","New Glarus, WI",Page + Discussion,,"42.764905, -89.674578",-89.672851,42.764519,early 1800s,1800,1830,Related,Global Connections,Ethnicity & Identity,Manufacturing & Trade,Food & Cooking,,,,https://wi101.wisc.edu/2018/10/01/the-swiss-roots-…ericas-dairyland/,
2/1/2016,TRUE,,TRUE,Bark Spud,The Lumber Industry in Northern Wisconsin ,"Landlade County, WI",Page + Discussion,,"45.148430, -90.364719",-90.365092,45.148712,1880s-present,1880,2022,Related,Manufacturing & Trade,Nature & Environment,Home Furnishings,Clothing & Fashion,,,,https://wi101.wisc.edu/2016/02/01/the-lumber-indus…rthern-wisconsin/,
3/9/2019,TRUE,TRUE,TRUE,Le Maire Sundial,Le Maire Sundial,"Green Bay, WI",Page + Discussion,,"44.513317, -88.013298",-88.013149,44.513088,1750s,1750,1759,Object,Global Connections,Science & Medicine,,,,,,https://wi101.wisc.edu/2019/03/09/object-history-le-maire-sundial/,
5/24/2018,TRUE,,TRUE,Le Maire Sundial,French Wisconsin at Fort la Baye,"Green Bay, WI",,,"44.513317, -88.013298",-88.013149,44.513088,1680s-1761,1680,1761,Related,Manufacturing & Trade,Science & Medicine,Politics Society & Government,Religion,,,,https://wi101.wisc.edu/2018/05/24/french-wisconsin/,
9/11/2018,TRUE,,TRUE,James D. Williams' Windlass,Slavery in Wisconsin,(No single location),Page + Discussion,,,0,0,1670s-1865,1670,1865,Related,Manufacturing & Trade,Politics Society & Government,Ethnicity & Identity,,,,,https://wi101.wisc.edu/2018/09/11/slavery-in-wisconsin/,
10/1/2015,TRUE,,TRUE,CCC Pillow Sham,The Civilian Conservation Corps,(No single location),Page + Discussion,,,0,0,1933-1942,1933,1942,Related,Nature & Environment,Politics Society & Government,,,,,,https://wi101.wisc.edu/2015/10/01/the-civilian-conservation-corps/,
10/1/2015,TRUE,,TRUE,CCC Pillow Sham,An Immigrant Family in Rural Wisconsin,"Antigo, WI",Page + Discussion,,"45.090295, -89.163946",-89.164087,45.087215,1890s-2015,1890,2015,Related,Ethnicity & Identity,Global Connections,Home Furnishings,Clothing & Fashion,Politics Society & Government,,,https://wi101.wisc.edu/2015/10/01/an-immigrant-fam…-rural-wisconsin/,
10/1/2015,TRUE,,TRUE,CCC Pillow Sham,Daily Life in the Civilian Conservation Corps,"Elcho, WI",Page + Discussion,,"45.436020, -89.183273",-89.183134,45.435954,1933,1933,1933,Related,Nature & Environment,Education,Home Furnishings,Politics Society & Government,,,,https://wi101.wisc.edu/2015/10/01/daily-life-in-th…nversation-corps/,
9/10/2018,TRUE,,TRUE,N/A,Trade Blanket,(No single location),Page + Discussion,,,0,0,1634-1763,1634,1763,Wisc Hist Museum Mini Tour,Manufacturing & Trade,Ethnicity & Identity,Global Connections,Clothing & Fashion,,,,https://wi101.wisc.edu/2018/09/10/object-history-trade-blanket/,
5/21/2018,TRUE,,TRUE,Le Maire Sundial,French Cartography in the Great Lakes,"Western shores of Lake Michigan; Green Bay, WI",,,"44.663511, -87.427539",-87.397584,44.675505,1600s,1600,1699,Related,Science & Medicine,Religion,Global Connections,Nature & Environment,,,,https://wi101.wisc.edu/2018/05/21/french-cartography/,
9/9/2020,TRUE,TRUE,TRUE,N/A,Aztalan Fishing Weir,"Aztalan, WI",Page + Discussion,,"43.068268, -88.857572",-88.862701,43.070653,10th-13th cen.,900,1299,Wisc Hist Museum Mini Tour,Nature & Environment,Ethnicity & Identity,Food & Cooking,Manufacturing & Trade,,Needs editing - too informal in tone,,https://wi101.wisc.edu/2020/09/09/object-history-a…lan-fishing-weir/,
5/3/2018,TRUE,,TRUE,Cupping Kit,What is Cupping?,(No single location),,,,0,0,300 B.C. - late 19th cen,-300,1899,Related,Science & Medicine,,,,,,,https://wi101.wisc.edu/2018/05/03/what-is-cupping/,
5/3/2018,TRUE,,TRUE,Cupping Kit,Humoral Medicine and Cupping,(No single location),,,,0,0,300 B.C. - late 19th cen.,-300,1899,Related,Science & Medicine,,,,,,,https://wi101.wisc.edu/2018/05/03/humoral-medicine/,
9/30/2018,TRUE,,TRUE,A Duck Decoy,When Lake Koshkonong was a Marsh,"Lake Koshkonong, WI",Page + Discussion,,"42.853517, -88.939825",-88.942144,42.854175,Pre-historic-1851,-1150,1851,Related,Nature & Environment,Politics Society & Government,Ethnicity & Identity,,,,,https://wi101.wisc.edu/2018/09/30/ake-koshkanong/,
3/7/2016,TRUE,,TRUE,Wilson Place Door,The Arts & Crafts Movement ,(No single location),Page + Discussion,,,0,0,1880s-early 20th cen.,1880,1930,Related,Education,Art Sport & Entertainment,,,,,,https://wi101.wisc.edu/2016/03/07/the-arts-crafts-movement/,
6/7/2021,TRUE,,,Peshtigo Fire Breastpin,Two Fires,"Chicago, IL; Peshtigo, WI; WIlliamsville, WI;",Page  ,,"41.878113, -87.629799; 45.054428, -87.751167; 44.753930, -87.531393",0,0,1871,,,Related,,,,,,Archive,,https://wi101.wisc.edu/2021/06/07/two-fires/,
6/7/2021,TRUE,,,Peshtigo Fire Breastpin,The Peshtigo Fire in Williamsonville,"Williamsville, WI",Page  ,,"44.753930, -87.531393",-87.526859,44.752416,1871,,,Related,,,,,,Archive,,https://wi101.wisc.edu/2021/06/07/williamsville/,
9/10/2020,TRUE,,,N/A,Nash Car,"Kenosha, WI ",Page  ,,,0,0,1941,,,Wisc Hist Museum Mini Tour,,,,,,Archive (Image is terrible),,https://wi101.wisc.edu/2020/09/10/object-history-nash-car/,
9/10/2020,TRUE,,,Peshtigo Fire Breastpin,Peshtigo Fire Breastpin,"Peshtigo, WI",Page,,"45.054428, -87.751167",-87.751261,45.054172,1871,,,Object,,,,,,Archive,,https://wi101.wisc.edu/2020/09/10/object-history-p…o-fire-breastpin/,
9/9/2020,TRUE,,,N/A,Badger Wheelmen Pin,"Milwaukee, WI",Page  ,,"43.011516, -87.909088",-87.909379,43.010885,1880s-1890s,,,Old World Wisconsin Mini Tour,,,,,,Archive,,https://wi101.wisc.edu/2020/09/09/object-history-badger-wheelmen-pin/,
3/9/2016,TRUE,,TRUE,Wilson Place Door,The Stout Institute and Educational Innovation,"Menomonie, WI",Page + Discussion,"712 Broadway St S, Menomonie, WI 54751","44.888611, -91.929459",-91.929601,44.888562,1891,1891,1891,Related,Education,Art Sport & Entertainment,,,,,,https://wi101.wisc.edu/2016/03/09/stout_institute/,
,FALSE,FALSE,FALSE,,,,,,,,,,,,,,,,,,,,,
,FALSE,FALSE,FALSE,,,,,,,,,,,,,,,,,,,,,
,FALSE,FALSE,FALSE,,,,,,,,,,,,,,,,,,,,,
,FALSE,FALSE,FALSE,,,,,,,,,,,,,,,,,,,,,
,FALSE,FALSE,FALSE,,,,,,,,,,,,,,,,,,,,,
,FALSE,FALSE,FALSE,,,,,,,,,,,,,,,,,,,,,
,FALSE,FALSE,FALSE,,,,,,,,,,,,,,,,,,,,,
,FALSE,FALSE,FALSE,,,,,,,,,,,,,,,,,,,,,
,FALSE,FALSE,FALSE,,,,,,,,,,,,,,,,,,,,,
,FALSE,FALSE,FALSE,,,,,,,,,,,,,,,,,,,,,
,FALSE,FALSE,FALSE,,,,,,,,,,,,,,,,,,,,,
,FALSE,FALSE,FALSE,,,,,,,,,,,,,,,,,,,,,
,FALSE,FALSE,FALSE,,,,,,,,,,,,,,,,,,,,,
,FALSE,FALSE,FALSE,,,,,,,,,,,,,,,,,,,,,
,FALSE,FALSE,FALSE,,,,,,,,,,,,,,,,,,,,,
,FALSE,FALSE,FALSE,,,,,,,,,,,,,,,,,,,,,
,FALSE,FALSE,FALSE,,,,,,,,,,,,,,,,,,,,,
,FALSE,FALSE,FALSE,,,,,,,,,,,,,,,,,,,,,
,FALSE,FALSE,FALSE,,,,,,,,,,,,,,,,,,,,,
,FALSE,FALSE,FALSE,,,,,,,,,,,,,,,,,,,,,
,FALSE,FALSE,FALSE,,,,,,,,,,,,,,,,,,,,,
,FALSE,FALSE,FALSE,,,,,,,,,,,,,,,,,,,,,
,FALSE,FALSE,FALSE,,,,,,,,,,,,,,,,,,,,,
,FALSE,FALSE,FALSE,,,,,,,,,,,,,,,,,,,,,
,FALSE,FALSE,FALSE,,,,,,,,,,,,,,,,,,,,,
,FALSE,FALSE,FALSE,,,,,,,,,,,,,,,,,,,,,
,FALSE,FALSE,FALSE,,,,,,,,,,,,,,,,,,,,,
,FALSE,FALSE,FALSE,,,,,,,,,,,,,,,,,,,,,
,FALSE,FALSE,FALSE,,,,,,,,,,,,,,,,,,,,,
,FALSE,FALSE,FALSE,,,,,,,,,,,,,,,,,,,,,
,FALSE,FALSE,FALSE,,,,,,,,,,,,,,,,,,,,,
,FALSE,FALSE,FALSE,,,,,,,,,,,,,,,,,,,,,
,FALSE,FALSE,FALSE,,,,,,,,,,,,,,,,,,,,,
,FALSE,FALSE,FALSE,,,,,,,,,,,,,,,,,,,,,
,FALSE,FALSE,FALSE,,,,,,,,,,,,,,,,,,,,,
,FALSE,FALSE,FALSE,,,,,,,,,,,,,,,,,,,,,
,FALSE,FALSE,FALSE,,,,,,,,,,,,,,,,,,,,,
,FALSE,FALSE,FALSE,,,,,,,,,,,,,,,,,,,,,
,FALSE,FALSE,FALSE,,,,,,,,,,,,,,,,,,,,,
,FALSE,FALSE,FALSE,,,,,,,,,,,,,,,,,,,,,
,FALSE,FALSE,FALSE,,,,,,,,,,,,,,,,,,,,,
,FALSE,FALSE,FALSE,,,,,,,,,,,,,,,,,,,,,
,FALSE,FALSE,FALSE,,,,,,,,,,,,,,,,,,,,,
,FALSE,FALSE,FALSE,,,,,,,,,,,,,,,,,,,,,
,FALSE,FALSE,FALSE,,,,,,,,,,,,,,,,,,,,,
,FALSE,FALSE,FALSE,,,,,,,,,,,,,,,,,,,,,
,FALSE,FALSE,FALSE,,,,,,,,,,,,,,,,,,,,,
,FALSE,FALSE,FALSE,,,,,,,,,,,,,,,,,,,,,
,FALSE,FALSE,FALSE,,,,,,,,,,,,,,,,,,,,,
,FALSE,FALSE,FALSE,,,,,,,,,,,,,,,,,,,,,
,FALSE,FALSE,FALSE,,,,,,,,,,,,,,,,,,,,,
,FALSE,FALSE,FALSE,,,,,,,,,,,,,,,,,,,,,
,FALSE,FALSE,FALSE,,,,,,,,,,,,,,,,,,,,,
,FALSE,FALSE,FALSE,,,,,,,,,,,,,,,,,,,,,
,FALSE,FALSE,FALSE,,,,,,,,,,,,,,,,,,,,,
,FALSE,FALSE,FALSE,,,,,,,,,,,,,,,,,,,,,
,FALSE,FALSE,FALSE,,,,,,,,,,,,,,,,,,,,,
,FALSE,FALSE,FALSE,,,,,,,,,,,,,,,,,,,,,
,FALSE,FALSE,FALSE,,,,,,,,,,,,,,,,,,,,,
,FALSE,FALSE,FALSE,,,,,,,,,,,,,,,,,,,,,
,FALSE,FALSE,FALSE,,,,,,,,,,,,,,,,,,,,,
,FALSE,FALSE,FALSE,,,,,,,,,,,,,,,,,,,,,
,FALSE,FALSE,FALSE,,,,,,,,,,,,,,,,,,,,,
,FALSE,FALSE,FALSE,,,,,,,,,,,,,,,,,,,,,
,FALSE,FALSE,FALSE,,,,,,,,,,,,,,,,,,,,,
,FALSE,FALSE,FALSE,,,,,,,,,,,,,,,,,,,,,
,FALSE,FALSE,FALSE,,,,,,,,,,,,,,,,,,,,,
,FALSE,FALSE,FALSE,,,,,,,,,,,,,,,,,,,,,
,FALSE,FALSE,FALSE,,,,,,,,,,,,,,,,,,,,,
,FALSE,FALSE,FALSE,,,,,,,,,,,,,,,,,,,,,
,FALSE,FALSE,FALSE,,,,,,,,,,,,,,,,,,,,,
,FALSE,FALSE,FALSE,,,,,,,,,,,,,,,,,,,,,
,FALSE,FALSE,FALSE,,,,,,,,,,,,,,,,,,,,,
,FALSE,FALSE,FALSE,,,,,,,,,,,,,,,,,,,,,
,FALSE,FALSE,FALSE,,,,,,,,,,,,,,,,,,,,,
,FALSE,FALSE,FALSE,,,,,,,,,,,,,,,,,,,,,
,FALSE,FALSE,FALSE,,,,,,,,,,,,,,,,,,,,,
,FALSE,FALSE,FALSE,,,,,,,,,,,,,,,,,,,,,
,FALSE,FALSE,FALSE,,,,,,,,,,,,,,,,,,,,,
,FALSE,FALSE,FALSE,,,,,,,,,,,,,,,,,,,,,
,FALSE,FALSE,FALSE,,,,,,,,,,,,,,,,,,,,,
,FALSE,FALSE,FALSE,,,,,,,,,,,,,,,,,,,,,
,FALSE,FALSE,FALSE,,,,,,,,,,,,,,,,,,,,,
,FALSE,FALSE,FALSE,,,,,,,,,,,,,,,,,,,,,
,FALSE,FALSE,FALSE,,,,,,,,,,,,,,,,,,,,,
,FALSE,FALSE,FALSE,,,,,,,,,,,,,,,,,,,,,
,FALSE,FALSE,FALSE,,,,,,,,,,,,,,,,,,,,,
,FALSE,FALSE,FALSE,,,,,,,,,,,,,,,,,,,,,
,FALSE,FALSE,FALSE,,,,,,,,,,,,,,,,,,,,,
,FALSE,FALSE,FALSE,,,,,,,,,,,,,,,,,,,,,
,FALSE,FALSE,FALSE,,,,,,,,,,,,,,,,,,,,,
,FALSE,FALSE,FALSE,,,,,,,,,,,,,,,,,,,,,
,FALSE,,FALSE,,,,,,,,,,,,,,,,,,,,,
,FALSE,,FALSE,,,,,,,,,,,,,,,,,,,,,
,FALSE,,FALSE,,,,,,,,,,,,,,,,,,,,,
,FALSE,,FALSE,,,,,,,,,,,,,,,,,,,,,
,FALSE,,FALSE,,,,,,,,,,,,,,,,,,,,,
,FALSE,,FALSE,,,,,,,,,,,,,,,,,,,,,
,FALSE,,FALSE,,,,,,,,,,,,,,,,,,,,,
,FALSE,,FALSE,,,,,,,,,,,,,,,,,,,,,
,FALSE,,FALSE,,,,,,,,,,,,,,,,,,,,,
,FALSE,,FALSE,,,,,,,,,,,,,,,,,,,,,
,FALSE,,FALSE,,,,,,,,,,,,,,,,,,,,,
,FALSE,,FALSE,,,,,,,,,,,,,,,,,,,,,
,FALSE,,FALSE,,,,,,,,,,,,,,,,,,,,,
,FALSE,,FALSE,,,,,,,,,,,,,,,,,,,,,
,FALSE,,FALSE,,,,,,,,,,,,,,,,,,,,,
,FALSE,,FALSE,,,,,,,,,,,,,,,,,,,,,
,FALSE,,FALSE,,,,,,,,,,,,,,,,,,,,,
,FALSE,,FALSE,,,,,,,,,,,,,,,,,,,,,
,FALSE,,FALSE,,,,,,,,,,,,,,,,,,,,,
,FALSE,,FALSE,,,,,,,,,,,,,,,,,,,,,
,FALSE,,FALSE,,,,,,,,,,,,,,,,,,,,,
,FALSE,,FALSE,,,,,,,,,,,,,,,,,,,,,
,FALSE,,FALSE,,,,,,,,,,,,,,,,,,,,,
,FALSE,,FALSE,,,,,,,,,,,,,,,,,,,,,
,FALSE,,FALSE,,,,,,,,,,,,,,,,,,,,,
,FALSE,,FALSE,,,,,,,,,,,,,,,,,,,,,
,FALSE,,FALSE,,,,,,,,,,,,,,,,,,,,,
,FALSE,,FALSE,,,,,,,,,,,,,,,,,,,,,
,FALSE,,FALSE,,,,,,,,,,,,,,,,,,,,,
,FALSE,,FALSE,,,,,,,,,,,,,,,,,,,,,
,FALSE,,FALSE,,,,,,,,,,,,,,,,,,,,,
,FALSE,,FALSE,,,,,,,,,,,,,,,,,,,,,
,FALSE,,FALSE,,,,,,,,,,,,,,,,,,,,,
,FALSE,,FALSE,,,,,,,,,,,,,,,,,,,,,
,FALSE,,FALSE,,,,,,,,,,,,,,,,,,,,,
,FALSE,,FALSE,,,,,,,,,,,,,,,,,,,,,
,FALSE,,FALSE,,,,,,,,,,,,,,,,,,,,,
,FALSE,,FALSE,,,,,,,,,,,,,,,,,,,,,
,FALSE,,FALSE,,,,,,,,,,,,,,,,,,,,,
,FALSE,,FALSE,,,,,,,,,,,,,,,,,,,,,
,FALSE,,FALSE,,,,,,,,,,,,,,,,,,,,,
,FALSE,,FALSE,,,,,,,,,,,,,,,,,,,,,
,FALSE,,FALSE,,,,,,,,,,,,,,,,,,,,,
,FALSE,,FALSE,,,,,,,,,,,,,,,,,,,,,
,FALSE,,FALSE,,,,,,,,,,,,,,,,,,,,,
,FALSE,,FALSE,,,,,,,,,,,,,,,,,,,,,
,FALSE,,FALSE,,,,,,,,,,,,,,,,,,,,,
,FALSE,,FALSE,,,,,,,,,,,,,,,,,,,,,
,FALSE,,FALSE,,,,,,,,,,,,,,,,,,,,,
,FALSE,,FALSE,,,,,,,,,,,,,,,,,,,,,
,FALSE,,FALSE,,,,,,,,,,,,,,,,,,,,,
,FALSE,,FALSE,,,,,,,,,,,,,,,,,,,,,
,FALSE,,FALSE,,,,,,,,,,,,,,,,,,,,,
,FALSE,,FALSE,,,,,,,,,,,,,,,,,,,,,
,FALSE,,FALSE,,,,,,,,,,,,,,,,,,,,,
,FALSE,,FALSE,,,,,,,,,,,,,,,,,,,,,
,FALSE,,FALSE,,,,,,,,,,,,,,,,,,,,,
,FALSE,,FALSE,,,,,,,,,,,,,,,,,,,,,
,FALSE,,FALSE,,,,,,,,,,,,,,,,,,,,,
,FALSE,,FALSE,,,,,,,,,,,,,,,,,,,,,
,FALSE,,FALSE,,,,,,,,,,,,,,,,,,,,,
,FALSE,,FALSE,,,,,,,,,,,,,,,,,,,,,
,FALSE,,FALSE,,,,,,,,,,,,,,,,,,,,,
,FALSE,,FALSE,,,,,,,,,,,,,,,,,,,,,
,FALSE,,FALSE,,,,,,,,,,,,,,,,,,,,,
,FALSE,,FALSE,,,,,,,,,,,,,,,,,,,,,
,FALSE,,FALSE,,,,,,,,,,,,,,,,,,,,,
,FALSE,,FALSE,,,,,,,,,,,,,,,,,,,,,
,FALSE,,FALSE,,,,,,,,,,,,,,,,,,,,,
,FALSE,,FALSE,,,,,,,,,,,,,,,,,,,,,
,FALSE,,FALSE,,,,,,,,,,,,,,,,,,,,,
,FALSE,,FALSE,,,,,,,,,,,,,,,,,,,,,
,FALSE,,FALSE,,,,,,,,,,,,,,,,,,,,,
,FALSE,,FALSE,,,,,,,,,,,,,,,,,,,,,
,FALSE,,FALSE,,,,,,,,,,,,,,,,,,,,,
,FALSE,,FALSE,,,,,,,,,,,,,,,,,,,,,
,FALSE,,FALSE,,,,,,,,,,,,,,,,,,,,,
,FALSE,,FALSE,,,,,,,,,,,,,,,,,,,,,
,FALSE,,FALSE,,,,,,,,,,,,,,,,,,,,,
,FALSE,,FALSE,,,,,,,,,,,,,,,,,,,,,
,FALSE,,FALSE,,,,,,,,,,,,,,,,,,,,,
,FALSE,,FALSE,,,,,,,,,,,,,,,,,,,,,
,FALSE,,FALSE,,,,,,,,,,,,,,,,,,,,,
,FALSE,,FALSE,,,,,,,,,,,,,,,,,,,,,
,FALSE,,FALSE,,,,,,,,,,,,,,,,,,,,,
,FALSE,,FALSE,,,,,,,,,,,,,,,,,,,,,
,FALSE,,FALSE,,,,,,,,,,,,,,,,,,,,,
,FALSE,,FALSE,,,,,,,,,,,,,,,,,,,,,
,FALSE,,FALSE,,,,,,,,,,,,,,,,,,,,,
,FALSE,,FALSE,,,,,,,,,,,,,,,,,,,,,
,FALSE,,FALSE,,,,,,,,,,,,,,,,,,,,,
,FALSE,,FALSE,,,,,,,,,,,,,,,,,,,,,
,FALSE,,FALSE,,,,,,,,,,,,,,,,,,,,,
,FALSE,,FALSE,,,,,,,,,,,,,,,,,,,,,
,FALSE,,FALSE,,,,,,,,,,,,,,,,,,,,,
,FALSE,,FALSE,,,,,,,,,,,,,,,,,,,,,
,FALSE,,FALSE,,,,,,,,,,,,,,,,,,,,,
,FALSE,,FALSE,,,,,,,,,,,,,,,,,,,,,
,FALSE,,FALSE,,,,,,,,,,,,,,,,,,,,,
,FALSE,,FALSE,,,,,,,,,,,,,,,,,,,,,
,FALSE,,FALSE,,,,,,,,,,,,,,,,,,,,,
,FALSE,,FALSE,,,,,,,,,,,,,,,,,,,,,
,FALSE,,FALSE,,,,,,,,,,,,,,,,,,,,,
,FALSE,,FALSE,,,,,,,,,,,,,,,,,,,,,
,FALSE,,FALSE,,,,,,,,,,,,,,,,,,,,,
,FALSE,,FALSE,,,,,,,,,,,,,,,,,,,,,
,FALSE,,FALSE,,,,,,,,,,,,,,,,,,,,,
,FALSE,,FALSE,,,,,,,,,,,,,,,,,,,,,
,FALSE,,FALSE,,,,,,,,,,,,,,,,,,,,,
,FALSE,,FALSE,,,,,,,,,,,,,,,,,,,,,
,FALSE,,FALSE,,,,,,,,,,,,,,,,,,,,,
,FALSE,,FALSE,,,,,,,,,,,,,,,,,,,,,
,FALSE,,FALSE,,,,,,,,,,,,,,,,,,,,,
,FALSE,,FALSE,,,,,,,,,,,,,,,,,,,,,
,FALSE,,FALSE,,,,,,,,,,,,,,,,,,,,,
,FALSE,,FALSE,,,,,,,,,,,,,,,,,,,,,
,FALSE,,FALSE,,,,,,,,,,,,,,,,,,,,,
,FALSE,,FALSE,,,,,,,,,,,,,,,,,,,,,
,FALSE,,FALSE,,,,,,,,,,,,,,,,,,,,,
,FALSE,,FALSE,,,,,,,,,,,,,,,,,,,,,
,FALSE,,FALSE,,,,,,,,,,,,,,,,,,,,,
,FALSE,,FALSE,,,,,,,,,,,,,,,,,,,,,
,FALSE,,FALSE,,,,,,,,,,,,,,,,,,,,,
,FALSE,,FALSE,,,,,,,,,,,,,,,,,,,,,
,FALSE,,FALSE,,,,,,,,,,,,,,,,,,,,,
,FALSE,,FALSE,,,,,,,,,,,,,,,,,,,,,
,FALSE,,FALSE,,,,,,,,,,,,,,,,,,,,,
,FALSE,,FALSE,,,,,,,,,,,,,,,,,,,,,
,FALSE,,FALSE,,,,,,,,,,,,,,,,,,,,,
,FALSE,,FALSE,,,,,,,,,,,,,,,,,,,,,
,FALSE,,FALSE,,,,,,,,,,,,,,,,,,,,,
,FALSE,,FALSE,,,,,,,,,,,,,,,,,,,,,
,FALSE,,FALSE,,,,,,,,,,,,,,,,,,,,,
,FALSE,,FALSE,,,,,,,,,,,,,,,,,,,,,
,FALSE,,FALSE,,,,,,,,,,,,,,,,,,,,,
,FALSE,,FALSE,,,,,,,,,,,,,,,,,,,,,
,FALSE,,FALSE,,,,,,,,,,,,,,,,,,,,,
,FALSE,,FALSE,,,,,,,,,,,,,,,,,,,,,
,FALSE,,FALSE,,,,,,,,,,,,,,,,,,,,,
,FALSE,,FALSE,,,,,,,,,,,,,,,,,,,,,
,FALSE,,FALSE,,,,,,,,,,,,,,,,,,,,,
,FALSE,,FALSE,,,,,,,,,,,,,,,,,,,,,
,FALSE,,FALSE,,,,,,,,,,,,,,,,,,,,,
,FALSE,,FALSE,,,,,,,,,,,,,,,,,,,,,
,FALSE,,FALSE,,,,,,,,,,,,,,,,,,,,,
,FALSE,,FALSE,,,,,,,,,,,,,,,,,,,,,
,FALSE,,FALSE,,,,,,,,,,,,,,,,,,,,,
,FALSE,,FALSE,,,,,,,,,,,,,,,,,,,,,
,FALSE,,FALSE,,,,,,,,,,,,,,,,,,,,,
,FALSE,,FALSE,,,,,,,,,,,,,,,,,,,,,
,FALSE,,FALSE,,,,,,,,,,,,,,,,,,,,,
,FALSE,,FALSE,,,,,,,,,,,,,,,,,,,,,
,FALSE,,FALSE,,,,,,,,,,,,,,,,,,,,,
,FALSE,,FALSE,,,,,,,,,,,,,,,,,,,,,
,FALSE,,FALSE,,,,,,,,,,,,,,,,,,,,,
,FALSE,,FALSE,,,,,,,,,,,,,,,,,,,,,
,FALSE,,FALSE,,,,,,,,,,,,,,,,,,,,,
,FALSE,,FALSE,,,,,,,,,,,,,,,,,,,,,
,FALSE,,FALSE,,,,,,,,,,,,,,,,,,,,,
,FALSE,,FALSE,,,,,,,,,,,,,,,,,,,,,
,FALSE,,FALSE,,,,,,,,,,,,,,,,,,,,,
,FALSE,,FALSE,,,,,,,,,,,,,,,,,,,,,
,FALSE,,FALSE,,,,,,,,,,,,,,,,,,,,,
,FALSE,,FALSE,,,,,,,,,,,,,,,,,,,,,
,FALSE,,FALSE,,,,,,,,,,,,,,,,,,,,,
,FALSE,,FALSE,,,,,,,,,,,,,,,,,,,,,
,FALSE,,FALSE,,,,,,,,,,,,,,,,,,,,,
,FALSE,,FALSE,,,,,,,,,,,,,,,,,,,,,
,FALSE,,FALSE,,,,,,,,,,,,,,,,,,,,,
,FALSE,,FALSE,,,,,,,,,,,,,,,,,,,,,
,FALSE,,FALSE,,,,,,,,,,,,,,,,,,,,,
,FALSE,,FALSE,,,,,,,,,,,,,,,,,,,,,
,FALSE,,FALSE,,,,,,,,,,,,,,,,,,,,,
,FALSE,,FALSE,,,,,,,,,,,,,,,,,,,,,
,FALSE,,FALSE,,,,,,,,,,,,,,,,,,,,,
,FALSE,,FALSE,,,,,,,,,,,,,,,,,,,,,
,FALSE,,FALSE,,,,,,,,,,,,,,,,,,,,,
,FALSE,,FALSE,,,,,,,,,,,,,,,,,,,,,
,FALSE,,FALSE,,,,,,,,,,,,,,,,,,,,,
,FALSE,,FALSE,,,,,,,,,,,,,,,,,,,,,
,FALSE,,FALSE,,,,,,,,,,,,,,,,,,,,,
,FALSE,,FALSE,,,,,,,,,,,,,,,,,,,,,
,FALSE,,FALSE,,,,,,,,,,,,,,,,,,,,,
,FALSE,,FALSE,,,,,,,,,,,,,,,,,,,,,
,FALSE,,FALSE,,,,,,,,,,,,,,,,,,,,,
,FALSE,,FALSE,,,,,,,,,,,,,,,,,,,,,
,FALSE,,FALSE,,,,,,,,,,,,,,,,,,,,,
,FALSE,,FALSE,,,,,,,,,,,,,,,,,,,,,
,FALSE,,FALSE,,,,,,,,,,,,,,,,,,,,,
,FALSE,,FALSE,,,,,,,,,,,,,,,,,,,,,
,FALSE,,FALSE,,,,,,,,,,,,,,,,,,,,,
,FALSE,,FALSE,,,,,,,,,,,,,,,,,,,,,
,FALSE,,FALSE,,,,,,,,,,,,,,,,,,,,,
,FALSE,,FALSE,,,,,,,,,,,,,,,,,,,,,
,FALSE,,FALSE,,,,,,,,,,,,,,,,,,,,,
,FALSE,,FALSE,,,,,,,,,,,,,,,,,,,,,
,FALSE,,FALSE,,,,,,,,,,,,,,,,,,,,,
,FALSE,,FALSE,,,,,,,,,,,,,,,,,,,,,
,FALSE,,FALSE,,,,,,,,,,,,,,,,,,,,,
,FALSE,,FALSE,,,,,,,,,,,,,,,,,,,,,
,FALSE,,FALSE,,,,,,,,,,,,,,,,,,,,,
,FALSE,,FALSE,,,,,,,,,,,,,,,,,,,,,
,FALSE,,FALSE,,,,,,,,,,,,,,,,,,,,,
,FALSE,,FALSE,,,,,,,,,,,,,,,,,,,,,
,FALSE,,FALSE,,,,,,,,,,,,,,,,,,,,,
,FALSE,,FALSE,,,,,,,,,,,,,,,,,,,,,
,FALSE,,FALSE,,,,,,,,,,,,,,,,,,,,,
,FALSE,,FALSE,,,,,,,,,,,,,,,,,,,,,
,FALSE,,FALSE,,,,,,,,,,,,,,,,,,,,,
,FALSE,,FALSE,,,,,,,,,,,,,,,,,,,,,
,FALSE,,FALSE,,,,,,,,,,,,,,,,,,,,,
,FALSE,,FALSE,,,,,,,,,,,,,,,,,,,,,
,FALSE,,FALSE,,,,,,,,,,,,,,,,,,,,,
,FALSE,,FALSE,,,,,,,,,,,,,,,,,,,,,
,FALSE,,FALSE,,,,,,,,,,,,,,,,,,,,,
,FALSE,,FALSE,,,,,,,,,,,,,,,,,,,,,
,FALSE,,FALSE,,,,,,,,,,,,,,,,,,,,,
,FALSE,,FALSE,,,,,,,,,,,,,,,,,,,,,
,FALSE,,FALSE,,,,,,,,,,,,,,,,,,,,,
,FALSE,,FALSE,,,,,,,,,,,,,,,,,,,,,
,FALSE,,FALSE,,,,,,,,,,,,,,,,,,,,,
,FALSE,,FALSE,,,,,,,,,,,,,,,,,,,,,
,FALSE,,FALSE,,,,,,,,,,,,,,,,,,,,,
,FALSE,,FALSE,,,,,,,,,,,,,,,,,,,,,
,FALSE,,FALSE,,,,,,,,,,,,,,,,,,,,,
,FALSE,,FALSE,,,,,,,,,,,,,,,,,,,,,
,FALSE,,FALSE,,,,,,,,,,,,,,,,,,,,,
,FALSE,,FALSE,,,,,,,,,,,,,,,,,,,,,
,FALSE,,FALSE,,,,,,,,,,,,,,,,,,,,,
,FALSE,,FALSE,,,,,,,,,,,,,,,,,,,,,
,FALSE,,FALSE,,,,,,,,,,,,,,,,,,,,,
,FALSE,,FALSE,,,,,,,,,,,,,,,,,,,,,
,FALSE,,FALSE,,,,,,,,,,,,,,,,,,,,,
,FALSE,,FALSE,,,,,,,,,,,,,,,,,,,,,
,FALSE,,FALSE,,,,,,,,,,,,,,,,,,,,,
,FALSE,,FALSE,,,,,,,,,,,,,,,,,,,,,
,FALSE,,FALSE,,,,,,,,,,,,,,,,,,,,,
,FALSE,,FALSE,,,,,,,,,,,,,,,,,,,,,
,FALSE,,FALSE,,,,,,,,,,,,,,,,,,,,,
,FALSE,,FALSE,,,,,,,,,,,,,,,,,,,,,
,FALSE,,FALSE,,,,,,,,,,,,,,,,,,,,,
,FALSE,,FALSE,,,,,,,,,,,,,,,,,,,,,
,FALSE,,FALSE,,,,,,,,,,,,,,,,,,,,,
,FALSE,,FALSE,,,,,,,,,,,,,,,,,,,,,
,FALSE,,FALSE,,,,,,,,,,,,,,,,,,,,,
,FALSE,,FALSE,,,,,,,,,,,,,,,,,,,,,
,FALSE,,FALSE,,,,,,,,,,,,,,,,,,,,,
,FALSE,,FALSE,,,,,,,,,,,,,,,,,,,,,
,FALSE,,FALSE,,,,,,,,,,,,,,,,,,,,,
,FALSE,,FALSE,,,,,,,,,,,,,,,,,,,,,
,FALSE,,FALSE,,,,,,,,,,,,,,,,,,,,,
,FALSE,,FALSE,,,,,,,,,,,,,,,,,,,,,
,FALSE,,FALSE,,,,,,,,,,,,,,,,,,,,,
,FALSE,,FALSE,,,,,,,,,,,,,,,,,,,,,
,FALSE,,FALSE,,,,,,,,,,,,,,,,,,,,,
,FALSE,,FALSE,,,,,,,,,,,,,,,,,,,,,
,FALSE,,FALSE,,,,,,,,,,,,,,,,,,,,,
,FALSE,,FALSE,,,,,,,,,,,,,,,,,,,,,
,FALSE,,FALSE,,,,,,,,,,,,,,,,,,,,,
,FALSE,,FALSE,,,,,,,,,,,,,,,,,,,,,
,FALSE,,FALSE,,,,,,,,,,,,,,,,,,,,,
,FALSE,,FALSE,,,,,,,,,,,,,,,,,,,,,
,FALSE,,FALSE,,,,,,,,,,,,,,,,,,,,,
,FALSE,,FALSE,,,,,,,,,,,,,,,,,,,,,
,FALSE,,FALSE,,,,,,,,,,,,,,,,,,,,,
,FALSE,,FALSE,,,,,,,,,,,,,,,,,,,,,
,FALSE,,FALSE,,,,,,,,,,,,,,,,,,,,,
,FALSE,,FALSE,,,,,,,,,,,,,,,,,,,,,
,FALSE,,FALSE,,,,,,,,,,,,,,,,,,,,,
,FALSE,,FALSE,,,,,,,,,,,,,,,,,,,,,
,FALSE,,FALSE,,,,,,,,,,,,,,,,,,,,,
,FALSE,,FALSE,,,,,,,,,,,,,,,,,,,,,
,FALSE,,FALSE,,,,,,,,,,,,,,,,,,,,,
,FALSE,,FALSE,,,,,,,,,,,,,,,,,,,,,
,FALSE,,FALSE,,,,,,,,,,,,,,,,,,,,,
,FALSE,,FALSE,,,,,,,,,,,,,,,,,,,,,
,FALSE,,FALSE,,,,,,,,,,,,,,,,,,,,,
,FALSE,,FALSE,,,,,,,,,,,,,,,,,,,,,
,FALSE,,FALSE,,,,,,,,,,,,,,,,,,,,,
,FALSE,,FALSE,,,,,,,,,,,,,,,,,,,,,
,FALSE,,FALSE,,,,,,,,,,,,,,,,,,,,,
,FALSE,,FALSE,,,,,,,,,,,,,,,,,,,,,
,FALSE,,FALSE,,,,,,,,,,,,,,,,,,,,,
,FALSE,,FALSE,,,,,,,,,,,,,,,,,,,,,
,FALSE,,FALSE,,,,,,,,,,,,,,,,,,,,,
,FALSE,,FALSE,,,,,,,,,,,,,,,,,,,,,
,FALSE,,FALSE,,,,,,,,,,,,,,,,,,,,,
,FALSE,,FALSE,,,,,,,,,,,,,,,,,,,,,
,FALSE,,FALSE,,,,,,,,,,,,,,,,,,,,,
,FALSE,,FALSE,,,,,,,,,,,,,,,,,,,,,
,FALSE,,FALSE,,,,,,,,,,,,,,,,,,,,,
,FALSE,,FALSE,,,,,,,,,,,,,,,,,,,,,
,FALSE,,FALSE,,,,,,,,,,,,,,,,,,,,,
,FALSE,,FALSE,,,,,,,,,,,,,,,,,,,,,
,FALSE,,FALSE,,,,,,,,,,,,,,,,,,,,,
,FALSE,,FALSE,,,,,,,,,,,,,,,,,,,,,
,FALSE,,FALSE,,,,,,,,,,,,,,,,,,,,,
,FALSE,,FALSE,,,,,,,,,,,,,,,,,,,,,
,FALSE,,FALSE,,,,,,,,,,,,,,,,,,,,,
,FALSE,,FALSE,,,,,,,,,,,,,,,,,,,,,
,FALSE,,FALSE,,,,,,,,,,,,,,,,,,,,,
,FALSE,,FALSE,,,,,,,,,,,,,,,,,,,,,
,FALSE,,FALSE,,,,,,,,,,,,,,,,,,,,,
,FALSE,,FALSE,,,,,,,,,,,,,,,,,,,,,
,FALSE,,FALSE,,,,,,,,,,,,,,,,,,,,,
,FALSE,,FALSE,,,,,,,,,,,,,,,,,,,,,
,FALSE,,FALSE,,,,,,,,,,,,,,,,,,,,,
,FALSE,,FALSE,,,,,,,,,,,,,,,,,,,,,
,FALSE,,FALSE,,,,,,,,,,,,,,,,,,,,,
,FALSE,,FALSE,,,,,,,,,,,,,,,,,,,,,
,FALSE,,FALSE,,,,,,,,,,,,,,,,,,,,,
,FALSE,,FALSE,,,,,,,,,,,,,,,,,,,,,
,FALSE,,FALSE,,,,,,,,,,,,,,,,,,,,,
,FALSE,,FALSE,,,,,,,,,,,,,,,,,,,,,
,FALSE,,FALSE,,,,,,,,,,,,,,,,,,,,,
,FALSE,,FALSE,,,,,,,,,,,,,,,,,,,,,
,FALSE,,FALSE,,,,,,,,,,,,,,,,,,,,,
,FALSE,,FALSE,,,,,,,,,,,,,,,,,,,,,
,FALSE,,FALSE,,,,,,,,,,,,,,,,,,,,,
,FALSE,,FALSE,,,,,,,,,,,,,,,,,,,,,
,FALSE,,FALSE,,,,,,,,,,,,,,,,,,,,,
,FALSE,,FALSE,,,,,,,,,,,,,,,,,,,,,
,FALSE,,FALSE,,,,,,,,,,,,,,,,,,,,,
,FALSE,,FALSE,,,,,,,,,,,,,,,,,,,,,
,FALSE,,FALSE,,,,,,,,,,,,,,,,,,,,,
,FALSE,,FALSE,,,,,,,,,,,,,,,,,,,,,
,FALSE,,FALSE,,,,,,,,,,,,,,,,,,,,,
,FALSE,,FALSE,,,,,,,,,,,,,,,,,,,,,
,FALSE,,FALSE,,,,,,,,,,,,,,,,,,,,,
,FALSE,,FALSE,,,,,,,,,,,,,,,,,,,,,
,FALSE,,FALSE,,,,,,,,,,,,,,,,,,,,,
,FALSE,,FALSE,,,,,,,,,,,,,,,,,,,,,
,FALSE,,FALSE,,,,,,,,,,,,,,,,,,,,,
,FALSE,,FALSE,,,,,,,,,,,,,,,,,,,,,
,FALSE,,FALSE,,,,,,,,,,,,,,,,,,,,,
,FALSE,,FALSE,,,,,,,,,,,,,,,,,,,,,
,FALSE,,FALSE,,,,,,,,,,,,,,,,,,,,,
,FALSE,,FALSE,,,,,,,,,,,,,,,,,,,,,
,FALSE,,FALSE,,,,,,,,,,,,,,,,,,,,,
,FALSE,,FALSE,,,,,,,,,,,,,,,,,,,,,
,FALSE,,FALSE,,,,,,,,,,,,,,,,,,,,,
,FALSE,,FALSE,,,,,,,,,,,,,,,,,,,,,
,FALSE,,FALSE,,,,,,,,,,,,,,,,,,,,,
,FALSE,,FALSE,,,,,,,,,,,,,,,,,,,,,
,FALSE,,FALSE,,,,,,,,,,,,,,,,,,,,,
,FALSE,,FALSE,,,,,,,,,,,,,,,,,,,,,
,FALSE,,FALSE,,,,,,,,,,,,,,,,,,,,,
,FALSE,,FALSE,,,,,,,,,,,,,,,,,,,,,
,FALSE,,FALSE,,,,,,,,,,,,,,,,,,,,,
,FALSE,,FALSE,,,,,,,,,,,,,,,,,,,,,
,FALSE,,FALSE,,,,,,,,,,,,,,,,,,,,,
,FALSE,,FALSE,,,,,,,,,,,,,,,,,,,,,
,FALSE,,FALSE,,,,,,,,,,,,,,,,,,,,,
,FALSE,,FALSE,,,,,,,,,,,,,,,,,,,,,
,FALSE,,FALSE,,,,,,,,,,,,,,,,,,,,,
,FALSE,,FALSE,,,,,,,,,,,,,,,,,,,,,
,FALSE,,FALSE,,,,,,,,,,,,,,,,,,,,,
,FALSE,,FALSE,,,,,,,,,,,,,,,,,,,,,
,FALSE,,FALSE,,,,,,,,,,,,,,,,,,,,,
,FALSE,,FALSE,,,,,,,,,,,,,,,,,,,,,
,FALSE,,FALSE,,,,,,,,,,,,,,,,,,,,,
,FALSE,,FALSE,,,,,,,,,,,,,,,,,,,,,
,FALSE,,FALSE,,,,,,,,,,,,,,,,,,,,,
,FALSE,,FALSE,,,,,,,,,,,,,,,,,,,,,
,FALSE,,FALSE,,,,,,,,,,,,,,,,,,,,,
,FALSE,,FALSE,,,,,,,,,,,,,,,,,,,,,
,FALSE,,FALSE,,,,,,,,,,,,,,,,,,,,,
,FALSE,,FALSE,,,,,,,,,,,,,,,,,,,,,
,FALSE,,FALSE,,,,,,,,,,,,,,,,,,,,,
,FALSE,,FALSE,,,,,,,,,,,,,,,,,,,,,
,FALSE,,FALSE,,,,,,,,,,,,,,,,,,,,,
,FALSE,,FALSE,,,,,,,,,,,,,,,,,,,,,
,FALSE,,FALSE,,,,,,,,,,,,,,,,,,,,,
,FALSE,,FALSE,,,,,,,,,,,,,,,,,,,,,
,FALSE,,FALSE,,,,,,,,,,,,,,,,,,,,,
,FALSE,,FALSE,,,,,,,,,,,,,,,,,,,,,
,FALSE,,FALSE,,,,,,,,,,,,,,,,,,,,,
,FALSE,,FALSE,,,,,,,,,,,,,,,,,,,,,
,FALSE,,FALSE,,,,,,,,,,,,,,,,,,,,,
,FALSE,,FALSE,,,,,,,,,,,,,,,,,,,,,
,FALSE,,FALSE,,,,,,,,,,,,,,,,,,,,,
,FALSE,,FALSE,,,,,,,,,,,,,,,,,,,,,
,FALSE,,FALSE,,,,,,,,,,,,,,,,,,,,,
,FALSE,,FALSE,,,,,,,,,,,,,,,,,,,,,
,FALSE,,FALSE,,,,,,,,,,,,,,,,,,,,,
,FALSE,,FALSE,,,,,,,,,,,,,,,,,,,,,
,FALSE,,FALSE,,,,,,,,,,,,,,,,,,,,,
,FALSE,,FALSE,,,,,,,,,,,,,,,,,,,,,
,FALSE,,FALSE,,,,,,,,,,,,,,,,,,,,,
,FALSE,,FALSE,,,,,,,,,,,,,,,,,,,,,
,FALSE,,FALSE,,,,,,,,,,,,,,,,,,,,,
,FALSE,,FALSE,,,,,,,,,,,,,,,,,,,,,
,FALSE,,FALSE,,,,,,,,,,,,,,,,,,,,,
,FALSE,,FALSE,,,,,,,,,,,,,,,,,,,,,
,FALSE,,FALSE,,,,,,,,,,,,,,,,,,,,,
,FALSE,,FALSE,,,,,,,,,,,,,,,,,,,,,
,FALSE,,FALSE,,,,,,,,,,,,,,,,,,,,,
,FALSE,,FALSE,,,,,,,,,,,,,,,,,,,,,
,FALSE,,FALSE,,,,,,,,,,,,,,,,,,,,,
,FALSE,,FALSE,,,,,,,,,,,,,,,,,,,,,
,FALSE,,FALSE,,,,,,,,,,,,,,,,,,,,,
,FALSE,,FALSE,,,,,,,,,,,,,,,,,,,,,
,FALSE,,FALSE,,,,,,,,,,,,,,,,,,,,,
,FALSE,,FALSE,,,,,,,,,,,,,,,,,,,,,
,FALSE,,FALSE,,,,,,,,,,,,,,,,,,,,,
,FALSE,,FALSE,,,,,,,,,,,,,,,,,,,,,
,FALSE,,FALSE,,,,,,,,,,,,,,,,,,,,,
,FALSE,,FALSE,,,,,,,,,,,,,,,,,,,,,
,FALSE,,FALSE,,,,,,,,,,,,,,,,,,,,,
,FALSE,,FALSE,,,,,,,,,,,,,,,,,,,,,
,FALSE,,FALSE,,,,,,,,,,,,,,,,,,,,,
,FALSE,,FALSE,,,,,,,,,,,,,,,,,,,,,
,FALSE,,FALSE,,,,,,,,,,,,,,,,,,,,,
,FALSE,,FALSE,,,,,,,,,,,,,,,,,,,,,
,FALSE,,FALSE,,,,,,,,,,,,,,,,,,,,,
,FALSE,,FALSE,,,,,,,,,,,,,,,,,,,,,
,FALSE,,FALSE,,,,,,,,,,,,,,,,,,,,,
,FALSE,,FALSE,,,,,,,,,,,,,,,,,,,,,
,FALSE,,FALSE,,,,,,,,,,,,,,,,,,,,,
,FALSE,,FALSE,,,,,,,,,,,,,,,,,,,,,
,FALSE,,FALSE,,,,,,,,,,,,,,,,,,,,,
,FALSE,,FALSE,,,,,,,,,,,,,,,,,,,,,
,FALSE,,FALSE,,,,,,,,,,,,,,,,,,,,,
,FALSE,,FALSE,,,,,,,,,,,,,,,,,,,,,
,FALSE,,FALSE,,,,,,,,,,,,,,,,,,,,,
,FALSE,,FALSE,,,,,,,,,,,,,,,,,,,,,
,FALSE,,FALSE,,,,,,,,,,,,,,,,,,,,,
,FALSE,,FALSE,,,,,,,,,,,,,,,,,,,,,
,FALSE,,FALSE,,,,,,,,,,,,,,,,,,,,,
,FALSE,,FALSE,,,,,,,,,,,,,,,,,,,,,
,FALSE,,FALSE,,,,,,,,,,,,,,,,,,,,,
,FALSE,,FALSE,,,,,,,,,,,,,,,,,,,,,
,FALSE,,FALSE,,,,,,,,,,,,,,,,,,,,,
,FALSE,,FALSE,,,,,,,,,,,,,,,,,,,,,
,FALSE,,FALSE,,,,,,,,,,,,,,,,,,,,,
,FALSE,,FALSE,,,,,,,,,,,,,,,,,,,,,
,FALSE,,FALSE,,,,,,,,,,,,,,,,,,,,,
,FALSE,,FALSE,,,,,,,,,,,,,,,,,,,,,
,FALSE,,FALSE,,,,,,,,,,,,,,,,,,,,,
,FALSE,,FALSE,,,,,,,,,,,,,,,,,,,,,
,FALSE,,FALSE,,,,,,,,,,,,,,,,,,,,,
,FALSE,,FALSE,,,,,,,,,,,,,,,,,,,,,
,FALSE,,FALSE,,,,,,,,,,,,,,,,,,,,,
,FALSE,,FALSE,,,,,,,,,,,,,,,,,,,,,
,FALSE,,FALSE,,,,,,,,,,,,,,,,,,,,,
,FALSE,,FALSE,,,,,,,,,,,,,,,,,,,,,
,FALSE,,FALSE,,,,,,,,,,,,,,,,,,,,,
,FALSE,,FALSE,,,,,,,,,,,,,,,,,,,,,
,FALSE,,FALSE,,,,,,,,,,,,,,,,,,,,,
,FALSE,,FALSE,,,,,,,,,,,,,,,,,,,,,
,FALSE,,FALSE,,,,,,,,,,,,,,,,,,,,,
,FALSE,,FALSE,,,,,,,,,,,,,,,,,,,,,
,FALSE,,FALSE,,,,,,,,,,,,,,,,,,,,,
,FALSE,,FALSE,,,,,,,,,,,,,,,,,,,,,
,FALSE,,FALSE,,,,,,,,,,,,,,,,,,,,,
,FALSE,,FALSE,,,,,,,,,,,,,,,,,,,,,
,FALSE,,FALSE,,,,,,,,,,,,,,,,,,,,,
,FALSE,,FALSE,,,,,,,,,,,,,,,,,,,,,
,FALSE,,FALSE,,,,,,,,,,,,,,,,,,,,,
,FALSE,,FALSE,,,,,,,,,,,,,,,,,,,,,
,FALSE,,FALSE,,,,,,,,,,,,,,,,,,,,,
,FALSE,,FALSE,,,,,,,,,,,,,,,,,,,,,
,FALSE,,FALSE,,,,,,,,,,,,,,,,,,,,,
,FALSE,,FALSE,,,,,,,,,,,,,,,,,,,,,
,FALSE,,FALSE,,,,,,,,,,,,,,,,,,,,,
,FALSE,,FALSE,,,,,,,,,,,,,,,,,,,,,
,FALSE,,FALSE,,,,,,,,,,,,,,,,,,,,,
,FALSE,,FALSE,,,,,,,,,,,,,,,,,,,,,
,FALSE,,FALSE,,,,,,,,,,,,,,,,,,,,,
,FALSE,,FALSE,,,,,,,,,,,,,,,,,,,,,
,FALSE,,FALSE,,,,,,,,,,,,,,,,,,,,,
,FALSE,,FALSE,,,,,,,,,,,,,,,,,,,,,
,FALSE,,FALSE,,,,,,,,,,,,,,,,,,,,,
,FALSE,,FALSE,,,,,,,,,,,,,,,,,,,,,
,FALSE,,FALSE,,,,,,,,,,,,,,,,,,,,,
,FALSE,,FALSE,,,,,,,,,,,,,,,,,,,,,
,FALSE,,FALSE,,,,,,,,,,,,,,,,,,,,,
,FALSE,,FALSE,,,,,,,,,,,,,,,,,,,,,
,FALSE,,FALSE,,,,,,,,,,,,,,,,,,,,,
,FALSE,,FALSE,,,,,,,,,,,,,,,,,,,,,
,FALSE,,FALSE,,,,,,,,,,,,,,,,,,,,,
,FALSE,,FALSE,,,,,,,,,,,,,,,,,,,,,
,FALSE,,FALSE,,,,,,,,,,,,,,,,,,,,,
,FALSE,,FALSE,,,,,,,,,,,,,,,,,,,,,
,FALSE,,FALSE,,,,,,,,,,,,,,,,,,,,,
,FALSE,,FALSE,,,,,,,,,,,,,,,,,,,,,
,FALSE,,FALSE,,,,,,,,,,,,,,,,,,,,,
,FALSE,,FALSE,,,,,,,,,,,,,,,,,,,,,
,FALSE,,FALSE,,,,,,,,,,,,,,,,,,,,,
,FALSE,,FALSE,,,,,,,,,,,,,,,,,,,,,
,FALSE,,FALSE,,,,,,,,,,,,,,,,,,,,,
,FALSE,,FALSE,,,,,,,,,,,,,,,,,,,,,
,FALSE,,FALSE,,,,,,,,,,,,,,,,,,,,,
,FALSE,,FALSE,,,,,,,,,,,,,,,,,,,,,
,FALSE,,FALSE,,,,,,,,,,,,,,,,,,,,,
,FALSE,,FALSE,,,,,,,,,,,,,,,,,,,,,
,FALSE,,FALSE,,,,,,,,,,,,,,,,,,,,,
,FALSE,,FALSE,,,,,,,,,,,,,,,,,,,,,
,FALSE,,FALSE,,,,,,,,,,,,,,,,,,,,,
,FALSE,,FALSE,,,,,,,,,,,,,,,,,,,,,
,FALSE,,FALSE,,,,,,,,,,,,,,,,,,,,,
,FALSE,,FALSE,,,,,,,,,,,,,,,,,,,,,
,FALSE,,FALSE,,,,,,,,,,,,,,,,,,,,,
,FALSE,,FALSE,,,,,,,,,,,,,,,,,,,,,
,FALSE,,FALSE,,,,,,,,,,,,,,,,,,,,,
,FALSE,,FALSE,,,,,,,,,,,,,,,,,,,,,
,FALSE,,FALSE,,,,,,,,,,,,,,,,,,,,,
,FALSE,,FALSE,,,,,,,,,,,,,,,,,,,,,
,FALSE,,FALSE,,,,,,,,,,,,,,,,,,,,,
,FALSE,,FALSE,,,,,,,,,,,,,,,,,,,,,
,FALSE,,FALSE,,,,,,,,,,,,,,,,,,,,,
,FALSE,,FALSE,,,,,,,,,,,,,,,,,,,,,
,FALSE,,FALSE,,,,,,,,,,,,,,,,,,,,,
,FALSE,,FALSE,,,,,,,,,,,,,,,,,,,,,
,FALSE,,FALSE,,,,,,,,,,,,,,,,,,,,,
,FALSE,,FALSE,,,,,,,,,,,,,,,,,,,,,
,FALSE,,FALSE,,,,,,,,,,,,,,,,,,,,,
,FALSE,,FALSE,,,,,,,,,,,,,,,,,,,,,
,FALSE,,FALSE,,,,,,,,,,,,,,,,,,,,,
,FALSE,,FALSE,,,,,,,,,,,,,,,,,,,,,
,FALSE,,FALSE,,,,,,,,,,,,,,,,,,,,,
,FALSE,,FALSE,,,,,,,,,,,,,,,,,,,,,
,FALSE,,FALSE,,,,,,,,,,,,,,,,,,,,,
,FALSE,,FALSE,,,,,,,,,,,,,,,,,,,,,
,FALSE,,FALSE,,,,,,,,,,,,,,,,,,,,,
,FALSE,,FALSE,,,,,,,,,,,,,,,,,,,,,
,FALSE,,FALSE,,,,,,,,,,,,,,,,,,,,,
,FALSE,,FALSE,,,,,,,,,,,,,,,,,,,,,
,FALSE,,FALSE,,,,,,,,,,,,,,,,,,,,,
,FALSE,,FALSE,,,,,,,,,,,,,,,,,,,,,
,FALSE,,FALSE,,,,,,,,,,,,,,,,,,,,,
,FALSE,,FALSE,,,,,,,,,,,,,,,,,,,,,
,FALSE,,FALSE,,,,,,,,,,,,,,,,,,,,,
,FALSE,,FALSE,,,,,,,,,,,,,,,,,,,,,
,FALSE,,FALSE,,,,,,,,,,,,,,,,,,,,,
,FALSE,,FALSE,,,,,,,,,,,,,,,,,,,,,
,FALSE,,FALSE,,,,,,,,,,,,,,,,,,,,,
,FALSE,,FALSE,,,,,,,,,,,,,,,,,,,,,
,FALSE,,FALSE,,,,,,,,,,,,,,,,,,,,,
,FALSE,,FALSE,,,,,,,,,,,,,,,,,,,,,
,FALSE,,FALSE,,,,,,,,,,,,,,,,,,,,,
,FALSE,,FALSE,,,,,,,,,,,,,,,,,,,,,
,FALSE,,FALSE,,,,,,,,,,,,,,,,,,,,,
,FALSE,,FALSE,,,,,,,,,,,,,,,,,,,,,
,FALSE,,FALSE,,,,,,,,,,,,,,,,,,,,,
,FALSE,,FALSE,,,,,,,,,,,,,,,,,,,,,
,FALSE,,FALSE,,,,,,,,,,,,,,,,,,,,,
,FALSE,,FALSE,,,,,,,,,,,,,,,,,,,,,
,FALSE,,FALSE,,,,,,,,,,,,,,,,,,,,,
,FALSE,,FALSE,,,,,,,,,,,,,,,,,,,,,
,FALSE,,FALSE,,,,,,,,,,,,,,,,,,,,,
,FALSE,,FALSE,,,,,,,,,,,,,,,,,,,,,
,FALSE,,FALSE,,,,,,,,,,,,,,,,,,,,,
,FALSE,,FALSE,,,,,,,,,,,,,,,,,,,,,
,FALSE,,FALSE,,,,,,,,,,,,,,,,,,,,,
,FALSE,,FALSE,,,,,,,,,,,,,,,,,,,,,
,FALSE,,FALSE,,,,,,,,,,,,,,,,,,,,,
,FALSE,,FALSE,,,,,,,,,,,,,,,,,,,,,
,FALSE,,FALSE,,,,,,,,,,,,,,,,,,,,,
,FALSE,,FALSE,,,,,,,,,,,,,,,,,,,,,
,FALSE,,FALSE,,,,,,,,,,,,,,,,,,,,,
,FALSE,,FALSE,,,,,,,,,,,,,,,,,,,,,
,FALSE,,FALSE,,,,,,,,,,,,,,,,,,,,,
,FALSE,,FALSE,,,,,,,,,,,,,,,,,,,,,
,FALSE,,FALSE,,,,,,,,,,,,,,,,,,,,,
,FALSE,,FALSE,,,,,,,,,,,,,,,,,,,,,
,FALSE,,FALSE,,,,,,,,,,,,,,,,,,,,,
,FALSE,,FALSE,,,,,,,,,,,,,,,,,,,,,
,FALSE,,FALSE,,,,,,,,,,,,,,,,,,,,,
,FALSE,,FALSE,,,,,,,,,,,,,,,,,,,,,
,FALSE,,FALSE,,,,,,,,,,,,,,,,,,,,,
,FALSE,,FALSE,,,,,,,,,,,,,,,,,,,,,
,FALSE,,FALSE,,,,,,,,,,,,,,,,,,,,,
,FALSE,,FALSE,,,,,,,,,,,,,,,,,,,,,
,FALSE,,FALSE,,,,,,,,,,,,,,,,,,,,,
,FALSE,,FALSE,,,,,,,,,,,,,,,,,,,,,
,FALSE,,FALSE,,,,,,,,,,,,,,,,,,,,,
,FALSE,,FALSE,,,,,,,,,,,,,,,,,,,,,
,FALSE,,FALSE,,,,,,,,,,,,,,,,,,,,,
,FALSE,,FALSE,,,,,,,,,,,,,,,,,,,,,
,FALSE,,FALSE,,,,,,,,,,,,,,,,,,,,,
,FALSE,,FALSE,,,,,,,,,,,,,,,,,,,,,
,FALSE,,FALSE,,,,,,,,,,,,,,,,,,,,,
,FALSE,,FALSE,,,,,,,,,,,,,,,,,,,,,
,FALSE,,FALSE,,,,,,,,,,,,,,,,,,,,,
,FALSE,,FALSE,,,,,,,,,,,,,,,,,,,,,
,FALSE,,FALSE,,,,,,,,,,,,,,,,,,,,,
,FALSE,,FALSE,,,,,,,,,,,,,,,,,,,,,
,FALSE,,FALSE,,,,,,,,,,,,,,,,,,,,,
,FALSE,,FALSE,,,,,,,,,,,,,,,,,,,,,
,FALSE,,FALSE,,,,,,,,,,,,,,,,,,,,,
,FALSE,,FALSE,,,,,,,,,,,,,,,,,,,,,
,FALSE,,FALSE,,,,,,,,,,,,,,,,,,,,,
,FALSE,,FALSE,,,,,,,,,,,,,,,,,,,,,
,FALSE,,FALSE,,,,,,,,,,,,,,,,,,,,,
,FALSE,,FALSE,,,,,,,,,,,,,,,,,,,,,
,FALSE,,FALSE,,,,,,,,,,,,,,,,,,,,,
,FALSE,,FALSE,,,,,,,,,,,,,,,,,,,,,
,FALSE,,FALSE,,,,,,,,,,,,,,,,,,,,,
,FALSE,,FALSE,,,,,,,,,,,,,,,,,,,,,
,FALSE,,FALSE,,,,,,,,,,,,,,,,,,,,,
,FALSE,,FALSE,,,,,,,,,,,,,,,,,,,,,
,FALSE,,FALSE,,,,,,,,,,,,,,,,,,,,,
,FALSE,,FALSE,,,,,,,,,,,,,,,,,,,,,
,FALSE,,FALSE,,,,,,,,,,,,,,,,,,,,,
,FALSE,,FALSE,,,,,,,,,,,,,,,,,,,,,
,FALSE,,FALSE,,,,,,,,,,,,,,,,,,,,,
,FALSE,,FALSE,,,,,,,,,,,,,,,,,,,,,
,FALSE,,FALSE,,,,,,,,,,,,,,,,,,,,,
,FALSE,,FALSE,,,,,,,,,,,,,,,,,,,,,
,FALSE,,FALSE,,,,,,,,,,,,,,,,,,,,,
,FALSE,,FALSE,,,,,,,,,,,,,,,,,,,,,
,FALSE,,FALSE,,,,,,,,,,,,,,,,,,,,,
,FALSE,,FALSE,,,,,,,,,,,,,,,,,,,,,
,FALSE,,FALSE,,,,,,,,,,,,,,,,,,,,,
,FALSE,,FALSE,,,,,,,,,,,,,,,,,,,,,
,FALSE,,FALSE,,,,,,,,,,,,,,,,,,,,,
,FALSE,,FALSE,,,,,,,,,,,,,,,,,,,,,
,FALSE,,FALSE,,,,,,,,,,,,,,,,,,,,,
,FALSE,,FALSE,,,,,,,,,,,,,,,,,,,,,
,FALSE,,FALSE,,,,,,,,,,,,,,,,,,,,,
,FALSE,,FALSE,,,,,,,,,,,,,,,,,,,,,
,FALSE,,FALSE,,,,,,,,,,,,,,,,,,,,,
,FALSE,,FALSE,,,,,,,,,,,,,,,,,,,,,
,FALSE,,FALSE,,,,,,,,,,,,,,,,,,,,,
,FALSE,,FALSE,,,,,,,,,,,,,,,,,,,,,
,FALSE,,FALSE,,,,,,,,,,,,,,,,,,,,,
,FALSE,,FALSE,,,,,,,,,,,,,,,,,,,,,
,FALSE,,FALSE,,,,,,,,,,,,,,,,,,,,,
,FALSE,,FALSE,,,,,,,,,,,,,,,,,,,,,
,FALSE,,FALSE,,,,,,,,,,,,,,,,,,,,,
,FALSE,,FALSE,,,,,,,,,,,,,,,,,,,,,
,FALSE,,FALSE,,,,,,,,,,,,,,,,,,,,,
,FALSE,,FALSE,,,,,,,,,,,,,,,,,,,,,
,FALSE,,FALSE,,,,,,,,,,,,,,,,,,,,,
,FALSE,,FALSE,,,,,,,,,,,,,,,,,,,,,
,FALSE,,FALSE,,,,,,,,,,,,,,,,,,,,,
,FALSE,,FALSE,,,,,,,,,,,,,,,,,,,,,
,FALSE,,FALSE,,,,,,,,,,,,,,,,,,,,,
,FALSE,,FALSE,,,,,,,,,,,,,,,,,,,,,
,FALSE,,FALSE,,,,,,,,,,,,,,,,,,,,,
,FALSE,,FALSE,,,,,,,,,,,,,,,,,,,,,
,FALSE,,FALSE,,,,,,,,,,,,,,,,,,,,,
,FALSE,,FALSE,,,,,,,,,,,,,,,,,,,,,
,FALSE,,FALSE,,,,,,,,,,,,,,,,,,,,,
,FALSE,,FALSE,,,,,,,,,,,,,,,,,,,,,
,FALSE,,FALSE,,,,,,,,,,,,,,,,,,,,,
,FALSE,,FALSE,,,,,,,,,,,,,,,,,,,,,
,FALSE,,FALSE,,,,,,,,,,,,,,,,,,,,,
,FALSE,,FALSE,,,,,,,,,,,,,,,,,,,,,
,FALSE,,FALSE,,,,,,,,,,,,,,,,,,,,,
,FALSE,,FALSE,,,,,,,,,,,,,,,,,,,,,
,FALSE,,FALSE,,,,,,,,,,,,,,,,,,,,,
,FALSE,,FALSE,,,,,,,,,,,,,,,,,,,,,
,FALSE,,FALSE,,,,,,,,,,,,,,,,,,,,,
,FALSE,,FALSE,,,,,,,,,,,,,,,,,,,,,
,FALSE,,FALSE,,,,,,,,,,,,,,,,,,,,,
,FALSE,,FALSE,,,,,,,,,,,,,,,,,,,,,
,FALSE,,FALSE,,,,,,,,,,,,,,,,,,,,,
,FALSE,,FALSE,,,,,,,,,,,,,,,,,,,,,
,FALSE,,FALSE,,,,,,,,,,,,,,,,,,,,,
,FALSE,,FALSE,,,,,,,,,,,,,,,,,,,,,
,FALSE,,FALSE,,,,,,,,,,,,,,,,,,,,,
,FALSE,,FALSE,,,,,,,,,,,,,,,,,,,,,
,FALSE,,FALSE,,,,,,,,,,,,,,,,,,,,,
,FALSE,,FALSE,,,,,,,,,,,,,,,,,,,,,
,FALSE,,FALSE,,,,,,,,,,,,,,,,,,,,,
,FALSE,,FALSE,,,,,,,,,,,,,,,,,,,,,
,FALSE,,FALSE,,,,,,,,,,,,,,,,,,,,,
,FALSE,,FALSE,,,,,,,,,,,,,,,,,,,,,
,FALSE,,FALSE,,,,,,,,,,,,,,,,,,,,,
,FALSE,,FALSE,,,,,,,,,,,,,,,,,,,,,
,FALSE,,FALSE,,,,,,,,,,,,,,,,,,,,,
,FALSE,,FALSE,,,,,,,,,,,,,,,,,,,,,
,FALSE,,FALSE,,,,,,,,,,,,,,,,,,,,,
,FALSE,,FALSE,,,,,,,,,,,,,,,,,,,,,
,FALSE,,FALSE,,,,,,,,,,,,,,,,,,,,,
,FALSE,,FALSE,,,,,,,,,,,,,,,,,,,,,
,FALSE,,FALSE,,,,,,,,,,,,,,,,,,,,,
,FALSE,,FALSE,,,,,,,,,,,,,,,,,,,,,
,FALSE,,FALSE,,,,,,,,,,,,,,,,,,,,,
,FALSE,,FALSE,,,,,,,,,,,,,,,,,,,,,
,FALSE,,FALSE,,,,,,,,,,,,,,,,,,,,,
,FALSE,,FALSE,,,,,,,,,,,,,,,,,,,,,
,FALSE,,FALSE,,,,,,,,,,,,,,,,,,,,,
,FALSE,,FALSE,,,,,,,,,,,,,,,,,,,,,
,FALSE,,FALSE,,,,,,,,,,,,,,,,,,,,,
,FALSE,,FALSE,,,,,,,,,,,,,,,,,,,,,
,FALSE,,FALSE,,,,,,,,,,,,,,,,,,,,,
,FALSE,,FALSE,,,,,,,,,,,,,,,,,,,,,
,FALSE,,FALSE,,,,,,,,,,,,,,,,,,,,,
,FALSE,,FALSE,,,,,,,,,,,,,,,,,,,,,
,FALSE,,FALSE,,,,,,,,,,,,,,,,,,,,,
,FALSE,,FALSE,,,,,,,,,,,,,,,,,,,,,
,FALSE,,FALSE,,,,,,,,,,,,,,,,,,,,,
,FALSE,,FALSE,,,,,,,,,,,,,,,,,,,,,
,FALSE,,FALSE,,,,,,,,,,,,,,,,,,,,,
,FALSE,,FALSE,,,,,,,,,,,,,,,,,,,,,
,FALSE,,FALSE,,,,,,,,,,,,,,,,,,,,,
,FALSE,,FALSE,,,,,,,,,,,,,,,,,,,,,
,FALSE,,FALSE,,,,,,,,,,,,,,,,,,,,,
,FALSE,,FALSE,,,,,,,,,,,,,,,,,,,,,
,FALSE,,FALSE,,,,,,,,,,,,,,,,,,,,,
,FALSE,,FALSE,,,,,,,,,,,,,,,,,,,,,
,FALSE,,FALSE,,,,,,,,,,,,,,,,,,,,,
,FALSE,,FALSE,,,,,,,,,,,,,,,,,,,,,
,FALSE,,FALSE,,,,,,,,,,,,,,,,,,,,,
,FALSE,,FALSE,,,,,,,,,,,,,,,,,,,,,
,FALSE,,FALSE,,,,,,,,,,,,,,,,,,,,,
,FALSE,,FALSE,,,,,,,,,,,,,,,,,,,,,
,FALSE,,FALSE,,,,,,,,,,,,,,,,,,,,,
,FALSE,,FALSE,,,,,,,,,,,,,,,,,,,,,
,FALSE,,FALSE,,,,,,,,,,,,,,,,,,,,,
,FALSE,,FALSE,,,,,,,,,,,,,,,,,,,,,
,FALSE,,FALSE,,,,,,,,,,,,,,,,,,,,,
,FALSE,,FALSE,,,,,,,,,,,,,,,,,,,,,
,FALSE,,FALSE,,,,,,,,,,,,,,,,,,,,,